x,y,z
-387,19314,-3912
-528,17098,-3651
-570,14955,-3165
-620,12399,-2557
-1103,9306,-1848
-1530,6692,-441
-1509,4637,782
-1448,2935,1840
-1724,1587,2634
-1882,620,3240
-1878,-85,3612
-1532,-933,3971
-802,-2072,4302
-318,-3144,4759
-172,-3791,5212
87,-4401,5712
341,-5038,5892
496,-5344,5902
611,-5410,5640
375,-5071,5149
221,-4660,4900
138,-4549,5000
252,-4582,5149
723,-4144,5020
1094,-3355,4656
1493,-2325,3939
1644,-674,3327
1792,1062,2836
1783,2889,2037
1764,4864,1194
1822,6736,280
1797,8603,-173
996,10028,-260
393,11430,-289
253,12911,-214
164,14214,-315
437,15382,-231
1022,16590,-491
920,17824,-1196
1134,20655,-2142
1053,25189,-3583
261,30570,-5989
401,32681,-5148
1440,32767,-6598
1440,32740,-7810
1538,32761,-8140
826,32767,-8171
-1065,32767,-7976
-3380,32767,-8166
-5444,32767,-8294
-6990,32767,-8095
-7608,32767,-7458
-6893,32767,-6495
-5416,32767,-5509
-3932,31848,-4468
-2629,28689,-3883
-1492,25859,-3790
-213,24157,-3822
624,22809,-3847
1023,21641,-3776
1441,20578,-3659
1656,19394,-4163
1862,17654,-4628
2101,15692,-4411
2203,13962,-3969
1931,12034,-3213
1487,10016,-2454
1074,8380,-1987
484,6796,-1261
259,5441,-25
439,4055,934
363,2661,1677
8,1527,2509
-17,288,3398
-163,-1171,4158
-241,-2220,5229
-206,-2872,6245
-535,-3128,6900
-1088,-3020,7215
-1645,-2765,7071
-2076,-2546,6808
-2175,-2008,6444
-1761,-1377,6287
-1124,-1143,6220
-722,-1316,6398
-669,-1416,6553
-1009,-1363,6470
-1242,-949,6185
-920,60,5785
-565,1080,5015
-636,1917,4219
-814,2842,3321
-481,3702,2274
295,4019,1298
1616,4691,444
3038,5675,-508
3840,6975,-1144
4167,8130,-1430
4399,9105,-1507
4705,10380,-1277
4212,11933,-1115
2365,13858,-2309
1463,16553,-2874
348,19533,-3798
313,23527,-5635
-236,25952,-4959
1243,29113,-5131
1888,30914,-6889
2844,32692,-7727
2921,32767,-8515
2141,32740,-9644
-260,32762,-10902
-3633,32767,-11879
-6862,32767,-12220
-9046,32767,-11603
-9739,32767,-10258
-9050,32767,-8579
-7443,32767,-7172
-6033,32654,-6153
-4285,29980,-4992
-2162,25621,-4096
-97,23081,-3351
556,22118,-3648
1350,21550,-3857
2222,21167,-4269
2608,20763,-4492
2763,19822,-4444
2656,18141,-4479
2049,16246,-4247
2011,14242,-4100
2331,12285,-3985
2625,10210,-3491
2809,8076,-2656
2495,5882,-1755
1596,3883,-195
1245,2286,1364
636,1057,2138
-394,148,2662
-1092,-705,3155
-1271,-1430,3609
-886,-2190,4038
-351,-3023,4308
-11,-3523,4135
616,-3215,3731
577,-2458,3575
72,-2101,3667
-61,-2238,3668
-103,-2227,3850
-957,-2287,4016
-1592,-1906,3936
-1395,-777,4019
-1160,581,3884
-1084,2223,3333
-524,3711,2761
608,4771,2420
1628,5549,1861
2518,6525,1381
3068,7665,1234
2963,8954,1213
1738,10447,1054
170,11978,946
-852,13113,1038
-835,13594,1248
-518,13705,1398
-655,13780,1389
-971,13796,1343
-361,14083,972
1041,15708,356
1435,18301,-554
1100,21097,-1643
668,24102,-3202
-68,25433,-3289
976,26929,-3332
848,25596,-3646
2217,24799,-3630
3198,26274,-3787
2498,28508,-4350
1724,31152,-5173
1702,32767,-5971
1070,32767,-6826
-305,32737,-7909
-1885,32767,-8481
-3149,32767,-8413
-4692,32766,-8360
-6120,32767,-8059
-6448,32767,-7760
-5439,32767,-7666
-3812,32159,-7408
-2777,29473,-6837
-1823,26902,-6312
-922,25437,-6007
-550,24450,-6017
-254,23623,-5987
-134,22634,-5858
-320,21075,-5508
-613,19101,-5059
-837,17112,-4412
-875,15235,-3565
-686,13216,-2979
-829,11598,-2815
-1085,10584,-2335
-1033,9645,-1225
-1163,8068,-660
-758,6515,-795
277,5754,-423
217,4791,635
-594,3038,1666
-1510,1125,2875
-2172,-448,3893
-1790,-1698,4752
-984,-2233,5304
-257,-2431,5278
608,-2699,5107
1625,-3003,5227
2245,-3269,5224
2835,-2874,4810
3050,-1788,4267
2163,-997,4075
678,-1164,3657
524,-1077,3295
1044,26,2894
1692,1195,2384
2531,2279,2136
2891,3560,1983
2424,4921,1610
1657,6331,637
717,7510,-298
-225,8295,-714
-509,9302,-560
-896,10101,-456
-1031,11001,-534
-616,13003,-579
-189,15247,-929
-786,17040,-1585
-1743,18701,-2368
-2200,20695,-3238
-2925,23147,-4458
-3464,26895,-6546
-4343,30306,-6875
-3636,32767,-8001
-4963,32767,-9420
-6717,32711,-10421
-8204,32767,-10915
-9696,32767,-11266
-10963,32766,-11315
-11085,32767,-10858
-10276,32767,-10200
-8638,32767,-9737
-7124,32767,-9172
-5887,32683,-8498
-4796,31102,-8013
-3746,28751,-7636
-2886,27329,-7448
-1904,26255,-7282
-1161,25080,-7124
-552,23784,-7002
102,22390,-6776
507,21158,-7098
63,19683,-7774
-921,17847,-6901
-1512,16102,-5400
-2084,13884,-3953
-2820,11586,-2686
-2906,9996,-1562
-2608,9108,-503
-2961,8351,-111
-3362,7542,237
-3107,6127,863
-2713,4363,1494
-2505,2293,2231
-1792,119,3214
-1239,-1932,4112
-971,-3483,4823
-629,-4524,5236
-197,-5099,5291
245,-5419,5744
724,-5669,6060
899,-6077,5887
1444,-5841,5513
2152,-5343,4859
2322,-5036,4057
2111,-4719,3600
1714,-4703,3593
1162,-4276,3341
854,-2985,2857
1060,-1241,2333
1088,226,1621
1050,1529,885
705,2867,557
227,4023,24
-248,4729,-487
-708,5258,-368
126,6487,117
519,8791,120
-853,11575,-209
-2191,14751,-596
-3508,17444,-1011
-5452,18481,-1159
-7281,18287,-852
-6555,18301,-366
-3293,19328,-726
-761,22559,-3153
213,25961,-3436
1848,31702,-5433
380,32767,-8771
-927,32735,-11489
-2979,32734,-13707
-5363,32767,-14144
-7081,32767,-13258
-7531,32766,-11584
-7000,32767,-9754
-6200,32767,-8215
-6409,32767,-7208
-6699,32767,-6971
-6185,32767,-6772
-5420,32697,-6614
-4449,31128,-6302
-3328,28440,-5913
-2360,26181,-5667
-1646,24042,-5477
-42,22407,-5362
1774,21579,-5389
2192,21004,-5274
1686,20475,-5111
1213,19965,-4921
697,19152,-4777
419,18066,-4613
-354,16938,-4459
-554,15618,-3943
118,14268,-3032
-279,12915,-2134
-1603,11062,-1211
-2544,9275,-342
-3085,7363,362
-3335,5490,1171
-3009,4053,2067
-2822,2549,2628
-2504,971,3442
-2189,-737,4060
-1263,-1920,4707
-360,-2665,5445
567,-3063,5628
1235,-3015,5442
1465,-2904,4918
1494,-2601,4242
1067,-2152,3692
739,-1537,3529
102,-1515,3431
-454,-2125,3305
-283,-2532,3098
113,-2285,2449
571,-1256,1963
1185,75,1609
1567,1184,1221
1584,2205,992
1412,3160,1213
1025,4002,1376
850,5109,1512
875,6602,1293
322,8420,835
-1420,9792,441
-2404,10726,260
-2409,11019,378
-1876,10900,1041
-207,11273,1490
648,12184,1193
182,13289,843
-408,14275,1198
-955,15298,1524
-1572,16991,1627
-2423,18926,1363
-3647,20222,1294
-2950,21112,963
-1752,20376,1681
1118,22482,646
47,22593,-788
124,24593,-1819
733,28428,-3625
355,32101,-5536
-1002,32767,-7265
-1564,32745,-8485
-1336,32746,-9167
-1426,32767,-8909
-2137,32767,-7934
-3080,32766,-6764
-4396,32767,-6101
-5564,32767,-5726
-6297,32767,-5431
-6441,32767,-5087
-6145,32767,-4572
-5229,32588,-3957
-3780,31036,-3412
-2765,29278,-3330
-2170,27846,-3470
-1825,26311,-3811
-1275,24953,-3875
-833,23962,-4092
-167,23499,-4640
688,23399,-5002
1348,22999,-5299
1402,22057,-5277
242,20384,-4692
-1544,18134,-3930
-2890,16127,-3334
-3242,14364,-2684
-2993,12404,-2057
-2631,10015,-1196
-2426,7858,-508
-2027,6119,-77
-1029,4442,57
175,2773,-271
1220,1250,-663
2815,-201,-651
4409,-1754,-411
5399,-3046,215
5262,-3878,1019
4814,-4326,1375
4604,-4344,1952
4234,-4182,2355
3136,-3710,2509
2072,-3246,2462
1757,-2746,2441
1683,-2374,2561
1734,-2108,2617
1523,-1268,2424
1269,-322,2313
1029,445,2190
978,1140,1997
1636,1824,1914
2376,2552,1570
2861,3639,1635
2886,4926,1694
2221,6260,1768
986,7667,1852
-275,8608,1647
-1195,9062,1699
-1655,9907,1999
-2356,11213,2265
-3065,12887,2022
-3332,14489,1828
-3114,15267,1869
-2324,15640,2020
-1891,16124,2164
-2722,17508,2316
-4238,19708,2154
-5911,22409,1559
-7373,24106,978
-7030,24976,74
-6067,24402,455
-2299,26263,600
-1051,27943,-358
-1350,29181,-671
-1917,30874,-1448
-2224,32604,-2669
-2559,32767,-3947
-2258,32748,-5147
-1155,32760,-6130
-388,32767,-7075
-239,32767,-7630
-592,32767,-7866
-1525,32767,-7742
-2891,32767,-7194
-3869,32767,-6621
-3967,32767,-5965
-3514,32002,-5170
-2455,29028,-4213
-1579,26278,-3335
-786,24541,-2855
-168,23564,-2564
140,23069,-2540
54,22578,-2607
-221,21964,-2650
-224,21059,-2645
-2,19995,-2795
-2,18788,-2905
-121,17440,-2890
-126,16048,-2875
-36,15052,-3000
-458,13857,-2693
-750,12244,-2066
-739,10512,-1147
-953,8375,-27
-1634,6483,949
-2090,5005,1829
-2239,3420,2591
-2314,1796,3175
-1832,119,3640
-830,-1340,4118
-162,-2432,4831
5,-3346,5569
329,-3559,5685
772,-3328,5355
1302,-2838,4654
1476,-2212,3866
1247,-1605,3320
1368,-1403,3252
1756,-1534,3456
2050,-1697,3684
1913,-1541,3823
1454,-1070,3955
707,-466,3978
-379,249,3832
-793,1219,3230
-436,1968,2767
450,2667,2601
1041,4006,2144
1097,5942,1816
1072,8259,1415
909,10604,681
-157,12473,262
-1847,13415,-244
-3182,13753,299
-3320,13313,1180
-2038,13431,1596
-1413,14587,1729
-1537,16221,1303
-1820,18730,259
-2328,21013,-746
-2633,22304,-1635
-2938,22505,-2021
-2259,22223,-1847
-632,22692,-2404
1052,24375,-2377
3203,27849,-3246
1465,29656,-4593
-214,30722,-5273
-115,32317,-5715
-417,32767,-6306
-2103,32762,-7021
-4137,32754,-7843
-5142,32767,-8559
-5489,32767,-8843
-6044,32767,-8720
-6203,32767,-8086
-5651,32767,-7058
-4204,32758,-6172
-2747,31337,-5256
-1639,27920,-4634
-791,25224,-4190
62,23419,-3787
841,22300,-3261
1177,21671,-2785
1314,21283,-2561
1058,20874,-2331
245,19763,-2038
-897,17896,-2034
-1856,15380,-2073
-2723,12564,-2359
-3350,10183,-1615
-2906,9522,33
-2291,9496,458
-1690,9905,656
-1164,10607,532
-1129,10582,175
-587,9683,1
-515,8511,261
-1028,6912,702
-1329,5303,1128
-1186,3769,1569
-511,2355,2061
518,973,2346
1449,-478,2663
1988,-1630,2829
2582,-2332,2690
2893,-2883,2588
2905,-3727,2483
3198,-4665,2772
3722,-5289,3357
4231,-5502,3868
4179,-5008,3660
3751,-3777,3147
2869,-2453,2837
1871,-1285,2350
1069,64,1747
383,1790,1177
-459,3265,629
-1002,4439,-212
-637,5955,-416
-297,7275,-411
222,8593,-698
406,10022,-646
-4,11664,-436
-1016,13485,-206
-2525,15112,29
-3835,16323,316
-4378,16190,931
-3801,16009,1428
-2565,16423,1121
-2585,17862,600
-3658,19784,176
-2923,22410,-901
-2541,24443,-1047
-398,28938,-2316
-611,31781,-4149
-1120,32767,-5593
-1617,32767,-6340
-2366,32745,-7001
-2947,32767,-7642
-3420,32767,-8036
-3894,32767,-8317
-4821,32767,-8484
-6013,32767,-8608
-6750,32767,-8525
-6396,32767,-8059
-5122,32767,-7391
-3686,32724,-6683
-2714,31015,-5952
-1864,27800,-5367
-1118,25399,-4993
-146,23663,-4684
851,22575,-4389
1565,21759,-4215
1823,21186,-4196
1941,20831,-4278
1836,20486,-4420
1470,19731,-4410
851,18202,-4241
85,16506,-3788
-324,14803,-3123
-786,13286,-2670
-1667,11964,-1911
-2311,11025,-792
-2545,10024,69
-2988,8591,574
-3320,6929,1095
-3140,5300,1690
-2845,3855,1900
-2817,2284,2212
-2458,619,2782
-1829,-1076,3463
-965,-2549,4197
-116,-3574,4730
738,-4195,5285
1162,-4710,5538
1370,-5109,5311
1754,-5057,5095
1906,-4851,4965
1827,-4663,4756
1564,-4231,4546
1079,-3440,4464
262,-2552,4230
-691,-1604,3879
-947,-761,3661
-426,-119,3563
152,318,3298
589,831,2782
1040,1513,2508
1348,2728,2521
698,4278,2120
218,6278,1486
273,8350,956
-380,9806,355
-1577,10611,156
-2487,10702,330
-2907,10516,878
-2489,10493,926
-902,11375,688
-434,13609,-32
-1266,16318,-1135
-2135,18902,-2161
-3208,20836,-3381
-3518,22755,-4385
-4219,24396,-5771
-3107,25221,-4597
-49,27684,-5300
636,29306,-6745
813,30976,-8122
1429,32562,-8763
1517,32767,-9146
203,32750,-9240
-2005,32759,-9497
-4365,32767,-9669
-6617,32767,-9859
-8084,32767,-9521
-8619,32767,-8740
-8370,32767,-7922
-7302,32767,-7263
-5857,32767,-6879
-4672,32767,-6835
-3596,32703,-6924
-2710,31469,-6962
-2130,29290,-6952
-1749,27323,-6887
-1553,25553,-6851
-1018,24019,-6748
-276,22481,-6862
155,20651,-6905
500,18881,-6448
670,17244,-5858
467,15583,-5113
-200,13477,-4308
-875,10937,-3226
-1233,8389,-2025
-1358,6027,-831
-1164,4114,324
-1025,2934,1227
-1418,2394,1678
-1749,1955,2040
-1501,1336,2313
-1017,427,2470
-332,-737,2658
524,-1758,3104
1085,-2640,3624
1155,-3421,3897
1022,-3969,4019
900,-4639,4150
806,-5372,4522
620,-5836,4963
62,-5480,4964
-549,-4733,4486
-836,-3806,3847
-708,-2721,2864
-153,-1821,1944
164,-1022,1541
264,-732,1390
963,-576,1628
1791,369,1708
1867,1968,1492
673,3708,1048
-1252,5548,548
-2966,6993,-5
-3845,7535,-558
-2944,7346,-677
-1005,8053,-695
277,10162,-585
100,12773,-886
-1377,14995,-1469
-2065,17499,-2365
-2084,20079,-3254
-2581,23629,-4982
-4037,26788,-4036
-3980,31422,-5158
-5512,32767,-7325
-4625,32767,-8485
-2247,32737,-9233
-685,32767,-9949
-831,32767,-10328
-2375,32766,-11061
-4312,32767,-11673
-5815,32767,-11797
-6864,32767,-11387
-7667,32767,-10691
-7527,32767,-9624
-6250,32767,-8688
-4607,32767,-8276
-2864,31873,-8043
-1471,29364,-7688
-478,27223,-7353
151,25274,-7083
590,23371,-6801
1216,21638,-6490
1799,20363,-6050
2251,19755,-5727
2058,19418,-5481
1396,19117,-5402
614,18997,-5656
10,18494,-5976
-606,16642,-5867
-1249,13677,-5231
-1589,10337,-4301
-1801,6995,-3172
-1619,3901,-1417
-812,1279,604
-174,-346,1669
213,-1420,2564
173,-2659,3281
-259,-3891,3836
-250,-4570,4771
107,-5107,5506
261,-5350,5719
39,-5296,5733
-159,-5079,5886
-133,-4893,5624
-150,-4620,5385
-188,-4235,5192
-224,-4126,5359
-698,-4215,5561
-1570,-4161,5794
-2136,-3892,5969
-2276,-3439,5861
-1878,-2458,5470
-1120,-1033,4762
-684,472,3984
-718,1894,2873
-1338,3191,1621
-1749,4095,700
-1306,5148,-316
-679,6540,-943
-159,8159,-1663
645,10094,-2864
1254,11886,-4188
1808,13696,-5303
2254,15575,-5526
1474,16826,-5531
481,18754,-5376
-426,21110,-5794
-285,24968,-7694
-1746,27523,-7683
40,30679,-7992
-107,31271,-9069
-414,32224,-8753
-785,32767,-8412
-858,32767,-8548
-1317,32753,-8850
-2741,32767,-9580
-4605,32767,-10210
-6154,32767,-10403
-7174,32767,-10265
-7976,32767,-9615
-8124,32767,-8734
-7577,32767,-7824
-6476,32767,-7081
-5154,32168,-6421
-3796,29245,-6227
-2478,26443,-6025
-1255,24417,-5838
-215,22792,-5631
528,21586,-5498
1023,20534,-5178
1378,19305,-4768
1648,18031,-4379
1311,16884,-4026
387,15397,-3402
-647,13396,-2749
-1455,11106,-2064
-1820,9098,-1647
-1670,7306,-1215
-904,5927,-237
-378,5299,897
-210,5041,1640
-203,4610,2020
-346,4250,2223
-760,3478,2498
-1111,2208,2802
-1086,588,3291
-989,-985,4043
-721,-2036,4636
-489,-3011,4818
-134,-3839,4901
484,-4296,5029
1169,-4488,5001
1707,-4310,4716
1922,-3699,4422
1852,-3458,4507
1593,-3503,4617
1178,-3050,4441
638,-2018,3974
405,-680,3270
132,635,2474
42,2042,1812
-259,3158,1159
-288,4198,153
145,5302,-580
1230,6080,-825
2490,6881,-891
2494,8131,-1206
1453,10176,-1880
292,13294,-2728
-1224,15993,-3510
-1972,18576,-4298
-1960,21005,-4644
-1705,23064,-4657
-776,26166,-4893
-1553,29881,-6221
-1657,32479,-5722
-2184,32767,-6692
-3324,32733,-7558
-3611,32755,-7752
-4040,32767,-7707
-5039,32767,-7517
-6176,32767,-7239
-7305,32767,-7291
-8245,32767,-7694
-8203,32767,-7743
-7519,32767,-7478
-6332,32767,-7021
-4617,32603,-6455
-3062,30618,-5915
-1750,27471,-5307
-458,25160,-4663
593,23917,-4216
905,23497,-4177
690,23274,-4394
424,22649,-4494
413,21386,-4366
658,19456,-4038
916,17432,-3568
1160,15499,-2742
1270,13906,-1736
791,12513,-815
412,11046,94
330,9675,887
-498,8653,1416
-1200,7750,1924
-1356,6598,2291
-1384,5212,2647
-1424,3767,3017
-1280,2441,3620
-1038,1348,4443
-1035,713,4681
-400,-25,4856
305,-857,5033
496,-1643,5103
551,-2524,5122
688,-3241,5039
567,-3871,5018
529,-4354,4970
1143,-4139,4802
1582,-3741,4789
1459,-3392,4576
1193,-3104,4327
1077,-2661,3859
1157,-2005,3449
1100,-907,3102
893,117,2520
946,773,2295
1116,1126,2426
951,2046,2534
638,3846,2458
114,6102,1849
-865,8171,1053
-2059,9614,313
-3385,10626,-241
-3618,10546,-5
-1225,10666,686
959,12393,541
126,15008,-229
-1202,17191,-999
-2623,18872,-1628
-4234,19277,-2099
-4173,18831,-2006
-2084,18819,-1883
-53,21303,-2834
-204,24655,-4941
767,28925,-5090
2232,32767,-7475
1334,32767,-8756
-1211,32694,-9547
-3935,32767,-9808
-5734,32767,-9613
-6949,32766,-9091
-7616,32767,-8623
-7636,32767,-8171
-7675,32767,-7798
-7284,32767,-7481
-5930,32767,-6839
-4248,32626,-6149
-3032,30529,-5441
-1826,27423,-4822
-815,25362,-4415
-15,24428,-4485
784,24001,-4803
1426,23686,-5138
1563,23292,-5372
1785,22879,-5919
2489,22540,-6710
2607,21447,-6542
1724,19305,-5412
289,16666,-4257
-759,14221,-2819
-1965,12265,-1563
-3030,10533,-606
-3639,9015,193
-3689,7788,853
-3085,6950,1507
-2441,6309,1760
-2156,5676,1948
-2143,4739,2213
-2162,3399,2503
-1863,1769,2953
-994,93,3754
-176,-1446,4526
236,-2759,4930
576,-3660,5121
847,-3823,4966
797,-3537,4444
634,-3219,3943
1139,-3055,3584
2296,-2755,3514
2999,-2336,3635
2746,-1991,3610
1787,-1549,3429
737,-987,3207
-70,-383,2965
-788,4,2581
-1005,170,2321
-719,399,2169
-524,569,1852
-11,1347,1237
768,2978,916
894,5010,233
382,7082,-769
-267,9178,-1698
-878,10721,-2121
-1331,12344,-2108
-2211,14799,-1906
-3496,17169,-1889
-4361,18741,-1862
-4291,19902,-2274
-3703,20600,-2543
-3108,20810,-2689
-2437,22152,-2979
-1638,25370,-3750
-3259,28502,-4328
-2126,32645,-4827
-2023,32767,-7398
-1778,32704,-8637
-1917,32756,-8948
-2928,32767,-8781
-3865,32766,-8431
-4751,32767,-8384
-5645,32767,-8671
-6052,32767,-8781
-5526,32767,-9017
-4431,32767,-9110
-3090,32767,-8788
-1945,32681,-8291
-963,30803,-7572
8,27633,-7032
1030,25081,-6352
2001,23448,-6014
2687,22389,-5784
2931,21633,-5628
2719,20895,-5239
1845,19810,-4905
1059,18119,-4505
677,15916,-3791
385,13312,-2997
190,10766,-2106
60,8487,-993
-71,6734,19
-152,5579,803
-161,4927,1519
-310,4554,2127
-437,4120,2590
-718,3191,2833
-1137,1858,3215
-1258,292,3765
-1295,-1322,4567
-1123,-2508,5250
-871,-3415,5300
-776,-3993,5053
-344,-4313,4578
579,-4677,4219
1604,-4897,4281
2214,-4901,4440
1917,-4917,4605
1354,-4821,4796
741,-4305,4607
-128,-3686,4062
-655,-2693,3459
-344,-1549,2980
205,-330,2422
3,1364,1661
-673,3491,565
-697,5315,-812
141,6862,-1861
484,7637,-2246
262,7673,-2168
315,7890,-2041
1111,8994,-2038
1606,10976,-2030
935,13506,-2352
40,16186,-2699
-1413,19215,-3286
-2063,22669,-3327
-2235,26137,-3919
-2934,29718,-6147
-2894,32079,-4838
-3312,32767,-5980
-4774,32750,-6777
-4428,32746,-6345
-4568,32767,-6404
-4893,32767,-6376
-4916,32766,-6534
-5402,32767,-7363
-5905,32767,-8032
-6112,32767,-8371
-5772,32767,-8556
-4937,32767,-8653
-3937,32767,-8484
-2700,32767,-7850
-1778,32166,-7259
-1098,29616,-6726
-433,26917,-6194
388,24711,-5659
887,22975,-5276
970,21602,-4833
917,20789,-4343
696,20300,-3942
438,19547,-3642
74,18244,-3166
-662,16618,-2449
-1298,14648,-1677
-1466,12389,-1015
-1657,10505,-482
-1426,8780,164
-985,7329,812
-748,6440,1177
-478,5806,1397
-536,5232,1394
-888,4178,1377
-1069,2470,1825
-685,720,2743
161,-612,3566
880,-1670,4230
1395,-2415,4705
2041,-2915,5042
2394,-3056,4957
2133,-2996,4596
1665,-2993,4178
1360,-3129,3887
1436,-3477,3635
2010,-3859,3122
2948,-3738,3035
3496,-3438,3083
3516,-2993,3015
3361,-2073,2747
3021,-679,2103
2648,1026,1570
1574,2317,1445
199,3083,1408
-640,4069,1456
-935,5006,1563
-725,5978,1402
-585,7263,1335
-895,8788,961
-1852,10881,41
-2674,12410,-648
-2576,13282,-1143
-1552,14479,-1167
-409,16210,-1322
-346,18575,-1789
-1003,21420,-2518
-1743,23277,-3303
-1916,23563,-3695
-1789,23507,-3556
-1109,24935,-3993
-1913,27202,-3568
-1367,31555,-4538
-2167,32767,-7061
-2247,32767,-8383
-2976,32736,-9253
-4374,32767,-9413
-5677,32767,-8958
-6902,32766,-8277
-7583,32767,-7782
-7796,32767,-7220
-8160,32767,-6922
-8003,32767,-6718
-6698,32767,-6540
-4990,32284,-6143
-3544,29503,-5551
-2101,26379,-5046
-535,24090,-4604
788,22321,-4229
1259,21028,-3936
1012,20004,-3816
446,19165,-3622
29,18089,-3503
20,16515,-3374
283,14928,-2930
513,13335,-2801
1046,11984,-2559
1602,10990,-1876
1075,9869,-497
165,8493,922
-412,7213,2027
-594,6407,2584
-852,5979,2923
-1581,5571,3015
-2412,4607,3096
-2724,3134,3510
-2516,1462,3992
-2025,-38,4804
-1289,-1210,5742
-754,-1985,6260
-594,-2049,6288
-541,-1856,5801
-792,-1917,5284
-871,-2522,5054
-166,-3260,5079
651,-3255,4795
902,-2907,4509
1047,-2619,4190
1471,-2232,3569
2118,-1831,3108
2423,-1435,2678
1876,-1028,2480
1019,-724,2377
238,17,2207
-249,1234,2086
-37,2358,1694
500,3571,876
695,5105,-11
179,6697,-450
-375,8048,-783
-450,9617,-1059
-466,11570,-1690
-318,13558,-2132
-468,14826,-2390
-1081,15345,-2729
-288,16078,-2570
1278,18143,-2995
3037,22830,-4903
1495,27477,-6563
2875,32379,-6505
1681,32767,-8826
-1012,32697,-10057
-2626,32748,-10594
-3878,32767,-10890
-4915,32766,-11028
-6360,32766,-10840
-7848,32767,-10300
-8500,32767,-9301
-8487,32767,-8504
-7742,32767,-7946
-6288,32767,-7408
-4270,32658,-7018
-2265,30393,-6596
-186,26847,-6254
1987,24427,-6004
3658,23055,-5715
4438,22150,-5551
4304,21544,-5525
4126,20920,-5549
3920,19941,-5427
3434,18384,-4835
2512,16398,-3875
1706,13871,-2648
980,11423,-1226
676,9115,430
316,7172,1341
-486,5936,1952
-498,5176,2670
-352,4811,2932
-761,4497,2448
-896,3814,1926
-837,2516,1932
-681,806,2553
-465,-690,3283
-195,-1846,4056
255,-2585,4780
492,-2760,5054
300,-2518,4829
-340,-2020,4306
-1090,-1461,3789
-1297,-1191,3624
-1077,-1067,3527
-562,-810,3434
-165,-781,3540
-350,-692,3573
-394,-245,3642
-30,168,3453
206,882,3033
175,1890,2543
18,2935,1973
-38,4044,1248
303,5310,551
1219,6192,68
1886,6505,312
2089,6355,691
2024,6052,1147
2109,6479,1497
1872,7981,1944
147,10573,1747
-1964,13520,798
-3161,15959,-16
-4066,17323,-508
-3620,16955,-386
-1986,16273,-152
-395,16209,349
425,17817,871
-411,20993,710
-1486,24670,-291
-3407,27623,-1801
-2636,31203,-2425
-2232,32767,-4522
-1848,32767,-5478
-1422,32728,-5644
-2137,32767,-6185
-3423,32767,-7087
-5012,32766,-8128
-6219,32767,-9135
-6688,32767,-9479
-6555,32767,-9342
-5888,32767,-8913
-4453,32767,-8307
-3017,32767,-7362
-1780,31734,-6538
-612,28967,-5841
554,26534,-5571
1571,24861,-5312
2391,23618,-5087
2811,22674,-5059
3056,21908,-4961
3158,21142,-4800
2928,20562,-4935
2392,19805,-4991
1905,18457,-4839
1484,16677,-4492
549,14843,-3817
-896,12748,-3078
-2199,10226,-2383
-2744,7534,-1424
-2720,5193,-452
-2259,3138,449
-1781,1229,1277
-1314,-188,2153
-874,-1497,2777
-157,-2664,3343
880,-3279,3924
1538,-3637,4265
1490,-3770,4402
1277,-3699,4470
1323,-3631,4118
1624,-3445,3577
1732,-2885,3314
1469,-2347,3038
1490,-2120,2779
2023,-2358,2871
2287,-2907,3261
2187,-3314,3615
2101,-3037,3941
2208,-2219,4075
1973,-954,3763
1108,585,3141
53,2244,2205
-860,4017,1126
-602,5698,434
176,6938,443
435,7836,664
244,9256,778
-992,11621,254
-2592,14309,-695
-3765,16590,-1694
-4851,18061,-2353
-4905,19601,-2292
-4081,20888,-1758
-3548,23086,-2447
-3557,26745,-4124
-2839,30963,-6665
-3482,32767,-6917
-2238,32767,-7787
-2981,32742,-8669
-2979,32765,-8299
-2942,32767,-7729
-3840,32767,-7539
-4845,32767,-7675
-5598,32767,-7716
-5855,32767,-7781
-5575,32767,-7776
-4373,32767,-7394
-2793,32547,-6867
-1455,30563,-6198
-648,28310,-5714
-58,26660,-5504
703,25162,-5188
1196,23952,-5035
1488,23048,-4968
1569,22467,-4933
1259,22157,-4894
811,21766,-4724
600,20885,-4429
346,19326,-3753
-192,17321,-2845
-1002,15153,-2264
-1486,12884,-1482
-1741,10770,-700
-2077,9432,312
-2140,8490,840
-2096,7526,1004
-2146,6512,1190
-2145,4995,1446
-1874,3047,1791
-1432,821,2338
-920,-1275,3050
101,-2830,3746
1106,-3816,4389
1509,-4156,4489
1711,-4419,4176
1791,-4605,4047
1663,-4529,3937
1907,-4337,3928
1870,-3982,3685
1631,-3572,3386
1615,-3174,3177
1343,-2946,3363
998,-2806,3616
467,-2501,3756
1,-1865,3749
-288,-967,3486
-326,-120,2996
-159,1106,2316
43,2641,1590
112,4161,817
-359,5799,98
-786,7649,-400
-1464,9382,-865
-2044,11232,-1354
-2049,13463,-1959
-2055,15667,-3015
-1373,17594,-3581
-571,19354,-3532
92,21810,-3659
-15,25187,-3825
-599,29385,-4391
-1250,32676,-6210
-2239,32767,-5420
-2812,32737,-7294
-4608,32761,-9435
-4761,32767,-10336
-4492,32767,-10185
-4310,32767,-9249
-4262,32767,-8222
-4544,32767,-7377
-4589,32767,-7107
-4046,32767,-7234
-2845,32739,-7340
-1272,31282,-7083
268,28497,-6708
1613,26734,-6416
2834,25769,-6215
3796,25079,-6096
4408,24475,-5968
4422,23828,-5724
3501,23003,-5399
2008,21860,-5006
1127,20203,-4124
756,18303,-3062
530,16708,-2396
385,15577,-1873
-249,14605,-1460
-1043,13006,-1307
-1239,11052,-1114
-846,9068,-715
-286,6780,70
-115,4106,724
-373,1206,1321
-326,-1274,2041
425,-3054,2823
1597,-4213,3563
2965,-4871,3693
4195,-5126,3883
4965,-5087,3883
5164,-4914,3736
4599,-4545,3527
3657,-4504,3520
2606,-4621,3552
1388,-4417,3691
136,-3946,3590
-636,-3505,3069
-446,-3056,2670
195,-2499,2387
251,-1873,2207
-124,-1231,2070
-91,-402,1693
243,444,1456
259,1228,1438
620,1544,1476
1247,1913,1914
1254,2398,2413
984,3038,2710
10,4671,2949
-2058,7207,2770
-4500,9816,2373
-6632,11946,1707
-7596,13807,1423
-7214,15927,1212
-6371,18364,331
-5490,20652,-1004
-4489,22810,-2291
-3588,26603,-3615
-3567,31736,-6759
-7904,32767,-8418
-8013,32758,-10918
-9393,32739,-13796
-8744,32767,-14767
-6494,32767,-14210
-4920,32766,-12996
-4041,32767,-11350
-4276,32767,-9831
-5070,32767,-8793
-5398,32767,-8149
-4802,32767,-7940
-3762,32767,-7712
-2758,32525,-7324
-2004,31507,-6937
-1537,30311,-6734
-969,29045,-6667
-209,27441,-6586
339,25827,-6137
666,24293,-5737
915,23089,-5377
821,21985,-5185
198,20363,-4935
-518,18398,-4731
-987,16240,-4333
-1158,13976,-3413
-1373,11916,-2401
-1594,10075,-1377
-1950,8166,-281
-2377,5860,376
-2541,3301,951
-2307,785,1565
-1752,-1652,2228
-857,-3969,2864
323,-5621,3849
1446,-6586,4386
2403,-6960,4393
3265,-6757,4197
3979,-6339,4109
4022,-6102,4062
3491,-5921,4251
2746,-5827,4516
1654,-5440,4551
660,-4959,4282
587,-4461,4138
779,-3927,4130
896,-3573,4115
1080,-3119,3870
1341,-2201,3478
1260,-974,2844
714,544,2139
258,2383,1582
-157,4484,891
-829,6776,-50
-1345,8782,-877
-2082,10441,-1371
-3053,11733,-1767
-3150,13349,-2086
-2534,14956,-2134
-1705,16442,-2310
-1366,18562,-3047
-1937,21227,-3305
-3664,23752,-3391
-5636,26704,-4101
-6669,29559,-4997
-6655,31476,-5422
-5806,32342,-5470
-4456,31990,-5764
-2151,32476,-5067
-540,32767,-6071
-685,32765,-7047
-882,32759,-7587
-1616,32767,-8223
-2562,32767,-8838
-3270,32767,-9031
-3895,32767,-8599
-4001,32767,-7943
-3595,32767,-7247
-2816,32767,-6692
-2093,32126,-6198
-1552,29936,-5612
-1078,27990,-5228
-669,26613,-4843
-530,25449,-4549
-666,24501,-4411
-894,23628,-4416
-1111,22394,-4409
-1123,20615,-4167
-996,18503,-3797
-901,16583,-3350
-823,14652,-2497
-432,12526,-1402
53,10801,-407
56,9528,128
-280,7958,468
-766,6078,867
-838,4535,1434
-770,3099,1955
-692,1479,2565
-211,-250,3342
565,-1740,4146
1259,-2935,4816
1571,-3898,5573
1915,-4399,5561
2344,-4471,5130
2460,-3942,4447
2306,-3377,3760
2269,-3218,3201
2500,-3303,3022
2952,-3594,3220
3530,-3568,3090
4377,-2921,3125
4684,-2203,3289
4061,-1194,3480
2659,168,3377
1060,1459,3141
-214,2547,2730
-1106,3442,2215
-1341,4021,2143
-826,4448,2246
-471,5039,2268
-576,6267,1961
-1302,7617,1523
-1757,8791,773
-1612,10863,-157
-1899,13830,-991
-2539,17029,-1846
-3298,19634,-2340
-3640,22850,-2846
-4377,25792,-3649
-4658,28260,-4201
-4722,30159,-4713
-4528,31809,-5045
-3790,32767,-4923
-4397,32735,-5329
-3444,32759,-4757
-3432,32767,-5716
-3465,32767,-6264
-3354,32767,-6227
-3580,32767,-6208
-3964,32767,-6286
-4649,32767,-6390
-4846,32767,-6473
-4324,32767,-6365
-3694,32767,-6118
-2896,32262,-5708
-1823,29908,-5010
-1054,27790,-4507
-999,26425,-4100
-1182,25130,-4016
-1243,23937,-3763
-1158,22509,-3489
-813,20812,-3129
-707,19239,-2601
-1032,17606,-1945
-1588,15844,-1570
-2174,13927,-1419
-2321,12092,-759
-1861,10349,49
-1251,8631,785
-1063,7033,1332
-1043,5572,1623
-471,4253,1687
598,3277,1797
1270,2585,1875
1663,1651,1980
1741,496,2338
1599,-670,2799
1455,-1945,3118
1385,-3050,3342
1560,-3654,3265
1825,-3981,2942
2210,-4195,2689
2785,-4101,2603
3166,-3676,2579
3290,-3216,2450
3281,-2743,2412
2873,-2232,2426
2479,-1567,2373
2033,-636,2302
1053,417,2175
189,1699,1940
-387,3201,1519
-1268,4996,1057
-2770,6664,318
-3356,7832,145
-3109,8570,323
-2637,9385,378
-2656,11276,40
-3599,13846,-766
-3731,17326,-2122
-4207,21200,-3705
-4912,25467,-5146
-5520,29692,-5900
-6225,32767,-6323
-6160,32767,-6538
-5837,32717,-7311
-5183,32763,-6579
-5127,32767,-7329
-6361,32766,-8004
-7008,32767,-7638
-7289,32767,-7004
-7269,32767,-6660
-6790,32767,-6683
-5760,32767,-6907
-4427,32767,-7109
-3098,32596,-6941
-2030,30657,-6519
-953,28189,-5942
-116,26619,-5519
249,25621,-5367
193,24635,-5152
-503,23162,-5207
-844,21324,-4596
-863,19419,-3626
-933,17427,-2606
-662,15809,-1424
-657,14641,-264
-1219,13659,256
-1718,12601,761
-2233,11471,1269
-2625,9922,1683
-2865,7776,2041
-2891,5425,2452
-2496,3341,2885
-1794,1261,3148
-935,-663,3458
302,-2205,4115
1334,-3441,4620
2156,-4421,5050
2499,-4934,5258
2324,-5114,5224
1885,-4995,4850
1365,-4604,4447
999,-4180,4203
571,-3847,4067
-64,-3423,3916
-650,-3269,3764
-716,-3264,3399
-117,-3040,3253
675,-3033,2931
1242,-3021,2948
1249,-2621,2881
1203,-1498,2590
1078,506,1721
1168,3060,414
651,5548,-474
-600,7638,-1418
-1663,9400,-2143
-2201,10913,-2252
-2427,12428,-2195
-2647,14436,-2156
-3536,16526,-2648
-4616,18407,-3572
-4139,20772,-4230
-3761,23080,-4792
-3237,25239,-5460
-1780,26973,-5367
21,29368,-5700
-1000,31366,-5696
-439,32767,-5028
-1779,32767,-7020
-3023,32738,-8476
-3390,32767,-9034
-4176,32767,-9118
-5365,32766,-8714
-6195,32767,-8088
-6378,32767,-7605
-6289,32767,-7429
-5896,32767,-7616
-4899,32767,-7864
-3518,32767,-7885
-2237,32110,-7441
-1099,29609,-6937
-80,27500,-6523
619,26116,-6269
1006,24781,-6135
1083,23659,-5929
738,22447,-5619
102,21061,-5282
-599,19536,-4666
-1331,17577,-4119
-1698,15049,-3482
-1263,12311,-2620
-277,9921,-1387
231,8094,-85
90,6951,844
-782,6194,1526
-2243,5364,1851
-2988,4007,2048
-2960,2105,2376
-2586,-120,2752
-1801,-2443,3503
-651,-4488,4274
687,-6021,4931
1875,-6843,5277
3069,-7035,5043
3938,-6360,4779
3916,-5506,4465
2741,-4649,4060
1316,-4401,3708
-146,-4172,3677
-1280,-3807,3504
-1529,-3435,3167
-557,-3318,2944
1374,-3383,2960
2586,-3268,2951
2670,-2356,2807
1994,-630,2388
1081,1572,1426
144,4121,221
-911,6545,-1126
-1793,8432,-1636
-2225,9510,-1539
-1690,10245,-1203
-970,11351,-917
-1293,13079,-817
-2552,15318,-1551
-4191,17617,-2692
-5707,19962,-4066
-6274,21733,-4857
-5432,22710,-4918
-2915,24214,-5025
-1136,26798,-5500
-826,29884,-6260
-998,32648,-7900
-1207,32767,-7176
-2507,32754,-8575
-6165,32762,-11100
-8595,32767,-12258
-10001,32767,-11794
-10459,32767,-10423
-10363,32767,-8289
-9585,32767,-6649
-7850,32767,-5706
-5611,32713,-5281
-3385,31310,-5262
-1519,29195,-5266
-40,27613,-5348
1222,26249,-5436
2095,25233,-5455
2479,24363,-5433
2128,23243,-5509
1426,21763,-5471
717,19592,-5006
373,16773,-4247
839,13894,-2882
1276,11885,-1638
891,10318,-1151
281,9083,-824
-80,7934,-199
-346,6618,439
-613,5227,1179
-905,3576,1996
-1168,2088,2664
-855,945,3266
-102,-63,3885
352,-1091,4252
582,-1846,4766
469,-2382,5077
576,-2636,5478
487,-2415,5640
-431,-2097,5337
-1484,-1971,4787
-1988,-1692,4402
-2027,-1953,4378
-1639,-2712,4417
-840,-3261,4546
352,-3359,4476
1408,-2770,4250
1720,-1764,4064
1132,-511,3761
295,723,3289
-298,1703,2727
-636,2570,2357
-1000,3531,2129
-1360,4588,1827
-1429,5691,1348
-1429,6756,686
-1540,7800,594
-1775,8758,372
-2149,9878,212
-2103,11457,8
-1860,13643,-204
-2435,16294,-909
-3374,18461,-1417
-3945,20497,-1879
-3902,22638,-2520
-2877,25942,-3598
-2209,29284,-4220
-1690,31816,-4517
-1094,32767,-5128
-995,32767,-6680
-190,32744,-7146
29,32767,-9183
-1192,32767,-10627
-2821,32767,-11119
-4430,32767,-10799
-4914,32767,-10076
-4418,32767,-9282
-3363,32767,-8584
-2363,32767,-8061
-1846,32767,-7350
-1278,31983,-6704
-460,29158,-6101
501,26628,-5594
1314,25118,-5370
1764,23966,-5406
2043,22842,-5481
1807,21946,-5382
1035,20982,-4918
410,19863,-4108
-313,17709,-3364
-662,15288,-2956
-518,13603,-2323
-719,11827,-1803
-579,9882,-1257
-361,8292,-184
-899,6841,729
-1835,5368,1450
-2323,3720,2098
-2072,2027,2829
-1553,510,3589
-1188,-654,4592
-1416,-1218,5283
-1456,-1648,5887
-1581,-2421,5883
-1818,-3331,5573
-1851,-4175,5269
-1846,-4777,4817
-1647,-5547,4482
-938,-6340,3775
710,-6473,2748
2750,-6237,2230
4460,-5814,2266
5058,-5273,2571
4389,-4621,2688
2948,-3929,2929
1249,-3309,2698
-144,-2296,2193
-1034,-826,1791
-834,247,1724
352,1234,2083
1160,2979,2190
500,4940,1845
-1229,6956,1338
-3367,9035,314
-4701,10389,-415
-4208,11159,-501
-2371,11667,-155
-784,13016,-216
-1044,15778,-713
-1979,19589,-2121
-3055,23475,-3647
-3719,26965,-5131
-3762,31019,-6715
-3375,32767,-7928
-5315,32767,-8914
-5465,32724,-7718
-5882,32767,-8900
-6677,32767,-9705
-5850,32766,-9098
-5311,32767,-8797
-5990,32767,-8610
-7350,32767,-8469
-8872,32767,-8436
-9601,32767,-8425
-9201,32767,-8109
-7890,32767,-7476
-6375,32717,-6698
-4929,30867,-5998
-3317,27964,-5572
-1949,26077,-5175
-1230,24938,-4985
-1296,24303,-5169
-1610,23471,-5365
-1774,21956,-5321
-1676,20009,-5173
-1626,17752,-4982
-1276,15328,-5030
-831,13350,-4741
-854,11659,-4284
-634,9812,-3172
-966,7876,-1779
-1775,5789,-296
-1841,3645,967
-1530,1507,1851
-1504,-339,2451
-1484,-1879,3051
-1292,-3231,3526
-957,-4355,3693
-182,-5056,4322
914,-5545,4963
1591,-5948,5343
1883,-5856,5597
1560,-5170,5550
643,-4558,5348
-447,-4273,4908
-896,-3916,4484
-532,-3673,4184
208,-3533,4117
805,-3447,4143
1025,-3240,4156
947,-2389,3849
580,-978,3373
209,488,2771
-196,1911,2262
-518,2880,1953
-625,3476,1934
-587,4097,1942
-464,5496,1501
-532,7521,620
-759,9788,-157
-1145,12017,-1063
-1514,14182,-1959
-1900,16197,-2361
-2305,18167,-2448
-2145,19743,-2133
-1956,21066,-1990
-1837,21882,-1631
-1297,23377,-2002
-862,25699,-2779
-496,28580,-4414
679,32004,-6157
-54,32767,-7585
-193,32754,-7581
-2078,32745,-9464
-4158,32767,-10561
-5639,32767,-10234
-6930,32766,-9291
-7758,32767,-8151
-7871,32767,-7113
-7375,32767,-6498
-6139,32767,-6018
-4496,32713,-5472
-3195,31082,-4792
-2301,28376,-4113
-1544,26672,-3847
-848,25764,-4010
-455,24894,-4412
-57,23849,-4779
567,22628,-4739
1227,20948,-4527
1670,19123,-4435
2391,17570,-4593
2612,16140,-4183
1884,14405,-3159
814,12619,-2196
-254,11046,-1298
-1186,9719,-562
-1760,8226,-2
-1963,5787,721
-2416,2983,1317
-2457,265,2322
-2000,-1991,3464
-1227,-3587,4527
-76,-4523,5226
723,-5040,5782
957,-5171,5571
1264,-4847,4853
1651,-4085,4313
1580,-3086,3524
1190,-2542,3165
409,-2831,3208
-179,-3398,3453
-142,-3858,3795
209,-3997,3843
426,-3858,3520
678,-3048,2785
673,-1729,2335
390,-131,1487
342,1780,883
485,3744,225
662,5302,28
507,5926,547
-306,5655,1220
-1126,5271,1502
-1590,5643,1392
-2132,6822,969
-2521,9131,174
-2828,12362,-575
-3395,15690,-916
-4068,18471,-1537
-4189,20578,-1795
-4300,22122,-1801
-4436,23165,-1688
-3752,25135,-2197
-3240,28650,-3292
-3545,32474,-4356
-4732,32767,-5814
-6225,32720,-7220
-6664,32753,-8535
-6868,32767,-8215
-6243,32767,-8096
-6822,32767,-8442
-7457,32767,-8087
-7375,32767,-7456
-7130,32767,-6825
-6176,32767,-6514
-4827,32767,-6387
-3558,32607,-6288
-2674,31058,-5961
-2046,29255,-5513
-1349,28073,-5097
-848,27127,-5010
-783,26003,-4915
-1260,24577,-4750
-2095,23130,-4523
-2855,21695,-3960
-3572,19747,-3275
-4301,17144,-2398
-4515,13956,-1387
-3922,10936,-489
-3003,8499,155
-1664,6570,259
-417,5324,611
65,4220,982
175,3002,1325
86,1624,1639
34,256,2137
359,-1210,2707
812,-3035,3223
1135,-4947,3909
1182,-6408,4676
1004,-7148,5277
725,-7149,5597
309,-6493,5205
81,-5302,4299
278,-4122,3290
830,-3102,2241
1161,-2367,2032
1083,-2230,2056
883,-1996,2209
519,-1624,2294
8,-985,2236
-568,170,2148
-1091,1718,1737
-1332,3255,1286
-1241,4953,394
-1234,6929,-330
-1996,8173,-669
-2740,8700,-595
-2526,9534,337
-2330,10703,595
-2590,12285,419
-2893,14458,-560
-3300,16130,-1670
-2357,18540,-2775
-1473,21267,-3209
-1634,25174,-3999
-2685,29834,-4972
-3854,32767,-5822
-4805,32767,-6780
-4724,32713,-8358
-4600,32766,-9132
-3212,32767,-9150
-4126,32766,-10256
-5355,32767,-10394
-6561,32767,-9940
-7613,32767,-9398
-7856,32767,-8798
-7700,32767,-8336
-7337,32767,-8091
-5831,32656,-7588
-3999,30706,-6649
-2795,27587,-5903
-1639,25263,-5098
-288,23837,-4234
465,23313,-3769
865,23304,-3170
605,23230,-2721
-521,22690,-2994
-1497,21457,-3413
-1743,19319,-3765
-1728,16087,-3936
-1374,12519,-2989
-378,9548,-1553
1019,7008,-647
2421,5034,386
3657,4084,1187
3664,3810,1629
2482,3489,1429
901,2961,1079
-103,2155,781
-108,1149,877
468,116,1364
852,-1131,1599
1186,-2499,1968
1812,-3487,2614
2311,-4247,3151
2696,-4736,3795
2462,-4678,4056
1526,-3945,3878
344,-2848,3372
-397,-1974,3035
-724,-1645,2939
-764,-1564,2973
-543,-1367,3286
-268,-545,3515
-414,978,3316
-1123,3243,2774
-2309,5100,2077
-3251,6521,1105
-3608,7186,812
-3396,6845,747
-2246,6328,1175
-598,6633,1774
800,8632,1487
976,11978,1089
-3,15707,-638
-669,20051,-2103
-1336,24164,-3585
-1500,28113,-4687
-1523,31450,-5366
-1750,32767,-5864
-1596,32767,-6210
-1222,32737,-7178
-814,32767,-6819
-1789,32767,-8393
-4045,32766,-9798
-5710,32767,-10664
-6878,32767,-10923
-7687,32767,-10627
-8096,32767,-9693
-7737,32767,-8532
-6089,32767,-7549
-3824,32003,-6364
-1985,28424,-5437
-541,25483,-4454
440,23743,-3919
931,22686,-3797
913,22039,-3707
416,21129,-3736
-63,19623,-3914
-361,17362,-3941
-296,14749,-3586
-109,12697,-2864
363,11056,-2169
1091,9554,-1884
1148,8748,-1346
546,7481,-605
-325,6030,269
-1302,4538,1086
-1964,2842,1941
-2011,1130,2616
-1286,-590,3341
-591,-2068,3944
-274,-3158,4729
-105,-3863,5414
46,-4269,5374
-95,-4251,5110
-376,-4087,4809
-380,-3787,4575
66,-3349,4333
220,-2899,4078
43,-2433,4104
-4,-2060,4290
-17,-1274,4385
196,73,4369
37,1620,4167
-676,2741,3874
-1486,3860,3580
-2280,4939,3010
-2521,5503,2547
-2161,5755,2427
-1272,6089,1625
-167,7509,1091
445,9741,397
16,12248,-1015
-1206,14802,-2484
-1761,16703,-3639
-1023,17878,-4033
-115,18108,-3468
992,19123,-3637
1514,21361,-4042
1089,24614,-4900
963,28477,-6337
1048,31932,-7144
384,32767,-7659
-243,32766,-8379
-1118,32744,-8584
-1484,32767,-8385
-3787,32767,-9434
-5846,32766,-9600
-7408,32767,-9216
-7891,32767,-8567
-7403,32767,-7653
-6130,32767,-6957
-4316,32767,-6385
-2797,32454,-5687
-1879,30494,-5184
-1573,28612,-5029
-1240,27301,-4953
-1171,26056,-4952
-1353,24785,-5047
-1064,23058,-4777
-537,21081,-4210
-173,18805,-3602
49,16659,-2864
245,14893,-2153
309,13387,-1859
142,11558,-1814
-90,9414,-1267
20,7502,-133
141,5637,731
258,3998,1484
633,2522,2288
942,801,2965
1043,-610,3710
960,-1798,4471
860,-2532,5038
741,-2840,5434
245,-2769,5187
-134,-2573,4661
-192,-2208,4195
-245,-1672,3876
-431,-1468,3715
-294,-1751,3928
-183,-2309,4162
-104,-2477,4279
-6,-1873,3990
-152,-660,3458
-446,667,3091
-1111,1862,2731
-1679,2583,2321
-1814,2763,1843
-1136,2674,1601
-15,2286,1844
955,1774,1775
1576,1996,1145
2238,3138,251
2163,4504,-389
1571,5984,-1166
828,7695,-1551
369,10041,-1693
-533,12355,-2266
-1035,15368,-3366
-1716,18577,-4644
-1167,21981,-5974
-262,24879,-6434
-369,27721,-6463
-1747,31571,-6831
-4146,32767,-7993
-6729,32767,-9548
-8707,32734,-11309
-9646,32767,-10801
-10886,32767,-11329
-12607,32766,-11923
-12881,32767,-11323
-12087,32767,-10441
-10421,32767,-9943
-8051,32767,-9452
-5450,32766,-8579
-3318,31316,-7713
-1414,27512,-7041
315,24720,-6453
1544,23229,-6130
2149,22569,-6066
1827,22376,-6299
996,22070,-6542
193,21233,-6503
-606,19507,-6103
-1357,16908,-5087
-1555,13520,-3812
-1265,9870,-2252
-1139,6769,-909
-886,4479,347
-170,3002,1258
262,2109,1941
291,1407,2333
209,867,2652
43,600,2887
-369,302,3040
-748,-264,3197
-974,-576,3609
-958,-845,4022
-974,-1772,4568
-1152,-2715,4918
-1361,-3151,5133
-1550,-3493,5214
-1674,-3859,5118
-1051,-4050,4934
446,-3821,4477
1761,-3074,4513
2200,-2387,4346
2090,-1190,4114
967,1,4182
-751,979,3952
-1959,2118,3528
-2622,3078,2733
-2884,4019,2155
-2693,4642,1836
-1911,5273,1333
-657,6764,905
271,8733,152
519,10969,-972
493,13288,-2694
15,15393,-3969
-68,17106,-4693
438,18381,-5386
1952,19815,-5682
3458,21123,-6131
4386,23292,-6837
4094,27321,-8430
2919,32071,-10126
1713,32767,-11859
-176,32725,-12753
-1384,32743,-13976
-4357,32767,-14840
-6011,32767,-14073
-6738,32766,-12260
-6987,32767,-10393
-6761,32767,-8806
-6101,32767,-8062
-4976,32767,-7881
-3489,32767,-7788
-2047,32026,-7528
-1010,29547,-7127
-275,27117,-6750
372,25006,-6404
815,22998,-6045
768,21138,-5690
493,19503,-5210
135,17835,-4429
-466,15972,-3641
-1099,13691,-2877
-1489,11342,-1958
-1577,9178,-1314
-1012,7297,-482
-598,5431,420
-416,3532,1299
-218,1902,2106
-171,652,2745
-187,-162,3452
-248,-314,3995
-555,-71,4220
-920,271,4355
-1556,890,4247
-2028,1579,4018
-2001,1948,3885
-1899,1484,3766
-1961,442,3906
-2137,-824,4429
-2186,-2090,5110
-2229,-2971,5489
-2139,-3184,5651
-1778,-2914,5462
-1252,-2276,4636
-536,-1170,3843
-235,-79,3398
-25,597,3117
450,798,3354
655,756,3411
1088,1374,3533
1183,3270,3632
8,5413,3015
-1499,6938,2120
-2075,7970,1188
-1876,9210,392
-1373,10937,-153
-546,13205,-837
-574,15155,-1119
-606,16330,-1736
-798,16983,-2926
-387,18585,-4522
57,21153,-5818
124,24833,-6885
146,29240,-8043
-251,32757,-9231
-1000,32767,-10275
-1271,32714,-11116
-2151,32760,-11320
-1494,32767,-10163
-3028,32766,-10364
-4826,32767,-10416
-6400,32767,-10010
-7573,32767,-9393
-8040,32767,-8673
-7614,32767,-7873
-5961,32767,-7208
-4025,32483,-6645
-2490,30276,-6182
-1416,27950,-5941
-654,26385,-5732
56,25068,-5783
603,24149,-5932
803,23435,-6370
907,22537,-6579
930,21152,-6456
802,19420,-5738
705,17572,-4645
281,15653,-3630
-742,13731,-2850
-1324,11459,-2083
-1533,9004,-1039
-1879,6835,-114
-1800,4964,781
-1564,3298,1450
-1192,1757,2092
-586,409,2795
-242,-763,3489
147,-1720,4331
417,-2428,4986
656,-2455,5373
659,-2124,5252
366,-1437,4821
-47,-1079,4634
-434,-1214,4432
-692,-1460,4523
-825,-2316,4820
-648,-3562,5192
-386,-4316,5773
-126,-4437,6283
-34,-4086,6578
-321,-3068,6446
-395,-1557,6027
-135,177,5183
-28,1880,4480
-247,3373,4109
-1065,4939,3876
-2124,6160,3425
-2225,7385,2392
-2048,8455,1704
-2172,9121,1357
-2257,9739,1368
-1828,10420,1477
-1191,11313,1370
-888,12339,570
-595,14085,-1069
-165,16645,-2517
129,19433,-3820
-512,20973,-4569
22,21993,-4669
653,22873,-4729
1272,24714,-4541
1558,27373,-4502
1074,30078,-4752
765,32447,-4981
964,32767,-5505
-180,32746,-5486
-513,32756,-5214
-3010,32767,-6025
-5240,32767,-6224
-6695,32767,-6324
-6967,32767,-6011
-6859,32767,-5452
-6963,32767,-5194
-6537,32767,-5093
-5111,32767,-4766
-3489,32455,-4253
-2140,29918,-3402
-1114,27128,-2968
-469,25318,-2813
-108,23473,-3019
-22,21360,-3122
-53,19215,-3054
-346,17111,-2706
-518,14798,-2174
43,12637,-1803
1563,11333,-1734
2406,10418,-1337
2173,8955,-781
1533,7034,63
850,4918,975
400,2582,2017
53,342,2750
-116,-1476,3286
-122,-2667,3793
-4,-3286,4227
91,-3462,4511
-127,-2903,4623
-1055,-1705,4575
-2058,-465,4229
-2696,378,3812
-3134,437,3453
-3261,-168,3531
-3347,-847,3958
-3168,-1453,4077
-2474,-1593,3763
-1601,-1491,3447
-485,-1449,2779
930,-944,2334
1775,-239,2175
1875,665,1958
1563,1865,1374
1138,3219,331
1059,4588,-512
806,5550,-1176
927,6822,-1367
1102,9113,-1389
78,11511,-1649
-1004,13350,-2147
-1881,15708,-3524
-2087,18682,-4966
-1435,21465,-5643
-580,23929,-5708
682,26842,-5854
-291,29168,-5615
203,32710,-6270
-1612,32767,-8574
-3992,32710,-10720
-6462,32759,-12137
-8611,32767,-12846
-9788,32766,-12588
-9904,32767,-11378
-9243,32767,-10184
-7804,32767,-9336
-6354,32767,-8950
-5045,32767,-8409
-3701,32528,-8056
-2420,30536,-7755
-1140,28445,-7645
-230,27380,-7680
379,26265,-7736
835,24834,-7233
1066,23136,-6760
703,21184,-6472
-278,18999,-5977
-1565,16671,-5201
-2669,14191,-4373
-3077,11651,-3633
-2306,9003,-2831
-1231,6459,-1959
-23,4573,-1199
1465,3713,-560
2435,3113,341
2806,2331,1354
2227,1602,1956
1382,875,2477
852,392,2861
893,-194,3269
1359,-1382,3903
1276,-2670,4554
663,-3675,5038
351,-4176,5494
-79,-4414,5730
-533,-4734,5621
-683,-4659,5080
-270,-4240,4391
694,-3685,3651
1325,-3055,2803
1997,-2099,2010
2727,-785,1876
3042,391,1305
3054,1682,944
2334,3055,911
340,4313,338
-1642,5550,-23
-2451,6768,-673
-2739,7921,-1502
-2673,9228,-2355
-2231,10564,-3062
-1979,11948,-3697
-1458,13900,-4326
-885,16732,-4663
-948,19476,-5086
-1763,21779,-5799
-2702,24826,-7186
-3728,29064,-8327
-5410,32767,-9637
-8149,32767,-10246
-9684,32715,-11462
-11966,32761,-13069
-12681,32767,-14335
-13025,32766,-14569
-12909,32767,-14272
-11999,32767,-13276
-10671,32767,-12111
-8874,32767,-11395
-7162,32767,-10856
-5642,32112,-10245
-4148,29666,-9703
-2729,27671,-9221
-1613,26455,-8828
-651,25792,-8532
-136,25050,-8105
-89,23694,-7869
-478,22221,-7482
-1299,20709,-7007
-2229,19151,-6258
-2751,17117,-5488
-2897,14672,-4578
-2677,11947,-3382
-2366,8929,-2173
-1807,5846,-913
-715,3223,330
268,1518,1397
410,232,1852
102,-841,2118
28,-1592,2449
149,-2408,2757
185,-3183,3162
312,-3737,3543
714,-4088,3832
1135,-4388,3965
1765,-4596,3469
2943,-3984,3077
3549,-3334,2955
2915,-3191,3033
1725,-3284,3241
858,-3255,3167
418,-2456,3096
240,-1405,2782
289,-732,2541
937,-263,2453
1791,338,2435
2125,1286,2276
1931,2613,1822
1477,4530,746
785,7203,171
-873,9591,-387
-2748,11878,-827
-3087,14374,-1181
-3069,16241,-1057
-3148,16984,-1102
-3367,16700,-1393
-3077,16994,-1581
-2906,17852,-1457
-3469,19940,-1618
-4930,22640,-2467
-6260,25235,-3589
-6701,27369,-4691
-6120,29494,-5799
-4905,31437,-5976
-4148,32462,-6380
-4817,32621,-6698
-4624,32767,-7006
-6587,32767,-8667
-8192,32764,-10069
-9160,32767,-10890
-9399,32767,-11278
-9071,32767,-11250
-8255,32767,-10465
-6475,32767,-9715
-4736,32555,-8813
-3545,30512,-7938
-2466,28073,-7384
-1444,26298,-6976
-582,25002,-6512
-346,24142,-6132
-532,23465,-5833
-1054,22607,-5480
-1625,21402,-5048
-1982,19520,-4448
-2257,17615,-3592
-2694,15658,-2956
-3134,13755,-2460
-3458,11804,-1752
-3500,9723,-887
-3355,7716,-162
-3146,5950,501
-2606,4540,1329
-2064,3000,1919
-1465,1262,2318
-685,-476,2725
-89,-1836,3116
465,-2958,3457
905,-4057,3851
1190,-5198,4203
1622,-5963,4354
2548,-6045,3856
3940,-5240,3256
4532,-4296,3117
3907,-3818,3076
3157,-3560,3165
2747,-2816,3039
2304,-1696,2453
1623,-360,2041
761,1139,1672
230,2984,1281
-197,4711,1056
-1286,6053,1039
-2611,7156,836
-3335,8354,186
-3150,9467,-67
-2186,10172,126
-1275,10763,-39
-470,11720,-437
-241,13426,-706
-1456,15101,-1001
-2681,17229,-1326
-3765,19829,-1777
-4621,22757,-2407
-5106,24829,-2929
-5008,25914,-3047
-4348,26680,-3233
-3549,27697,-4273
-2476,30019,-5596
-3188,32498,-7009
-4298,32767,-7300
-6676,32752,-9219
-8056,32758,-10450
-8575,32767,-10680
-8540,32767,-10458
-8138,32767,-10075
-7707,32767,-10038
-6725,32767,-9981
-5341,32767,-9727
-3942,32035,-9105
-2920,29803,-8252
-2205,27897,-7567
-1364,26479,-6918
-677,25448,-6286
-603,24553,-5729
-1372,24026,-5265
-2921,23650,-4847
-4474,22701,-4766
-5004,20806,-4586
-4512,18449,-4741
-3523,16238,-4379
-2414,13822,-4001
-1304,11550,-3302
-480,9300,-2166
165,7082,-821
400,5075,502
-7,3403,1506
-300,1810,2315
-133,-150,3341
234,-1969,4147
259,-3259,4866
170,-3866,5511
467,-4075,5829
945,-4087,5933
1338,-3832,5987
1471,-3406,5555
1648,-2891,4801
2055,-2319,4182
2007,-1871,3552
1585,-1512,3087
1525,-1216,2842
1428,-1112,2710
1316,-825,2455
843,29,1856
302,1264,1185
264,2685,24
925,4573,-1104
985,6604,-1825
502,8085,-2510
380,8901,-2573
615,9235,-2413
1222,9260,-2299
1367,9952,-1539
237,11238,-1303
-906,13542,-1101
-2326,15731,-1571
-3424,18439,-2794
-4739,21518,-4113
-5477,24612,-5051
-5131,26968,-5910
-4303,28603,-6148
-2976,30058,-6614
-3173,31113,-5361
-2873,32767,-5148
-4775,32767,-6525
-6561,32735,-7827
-7978,32767,-9165
-8938,32767,-10393
-9326,32766,-11046
-9603,32767,-11381
-9235,32767,-11391
-7677,32767,-10839
-5536,32767,-10119
-4202,32341,-9172
-3240,29697,-8472
-2181,27210,-7989
-1199,25828,-7466
-616,25118,-7209
-381,24586,-7246
-292,24072,-7115
-74,23219,-7125
134,21954,-7367
204,20560,-6926
272,18691,-6262
260,16802,-5475
-491,15265,-4769
-974,13486,-3881
-835,11704,-2645
-1352,10228,-1782
-2065,8439,-1176
-2291,6351,-396
-1956,4487,583
-1529,2558,1315
-1197,232,1993
-672,-2153,2890
-36,-4294,4230
1053,-5941,5639
2304,-7037,6338
2988,-7572,6769
3017,-7765,6906
2850,-7775,6693
2688,-7202,6152
2499,-5961,5564
2386,-4825,5006
2356,-3856,4376
2177,-2910,4070
1789,-1993,3561
1337,-673,3115
700,473,2853
-5,1471,2499
-777,2540,2190
-1724,3702,1916
-2561,5185,1425
-2768,6541,1004
-2253,7837,344
-1656,9776,-621
-1516,11418,-1545
-1679,12848,-2633
-1483,14627,-2994
-1503,16271,-3145
-1501,18656,-3143
-2232,21164,-3154
-3214,24115,-4084
-4043,27352,-5235
-4969,30587,-6603
-5220,32767,-7792
-4654,32767,-8405
-3740,32732,-8951
-3668,32764,-8582
-3518,32767,-8769
-4385,32766,-9569
-4976,32767,-9767
-5568,32767,-9593
-6071,32767,-9488
-5996,32767,-9309
-5174,32767,-8936
-4411,32767,-8464
-3732,32033,-7712
-2955,29678,-6803
-2371,27848,-6175
-1888,26392,-5783
-1248,24765,-5502
-881,23237,-5145
-894,21650,-4869
-1034,20223,-4716
-1283,19222,-4522
-1567,18208,-4028
-1383,16646,-3426
-763,14930,-2775
-512,13957,-1946
-661,12453,-897
-1076,10256,-393
-1502,8280,85
-1959,6411,464
-2617,4056,917
-2724,1980,1878
-2233,276,2824
-1270,-1255,3492
83,-2396,4119
1346,-3393,4754
1953,-4042,5123
2159,-4379,5167
2054,-4560,4924
1982,-4467,4585
2507,-4279,4054
3653,-3976,3278
4798,-3496,3175
5282,-3084,3297
4961,-3082,3551
4217,-3122,3698
3493,-2250,3700
2699,-1005,3550
1735,-136,3220
1156,745,2719
693,1758,2152
435,2697,1509
522,3794,1131
255,5285,779
-489,7052,134
-1608,9255,-859
-2668,11976,-2379
-3216,14436,-3725
-3266,16735,-4521
-3061,18854,-4416
-3034,20806,-4696
-3323,22875,-5201
-3920,24809,-6223
-4168,26976,-6825
-4165,29116,-7430
-3320,31834,-8868
-3698,32767,-8775
-3007,32767,-9757
-5197,32752,-11396
-7843,32767,-12767
-9685,32767,-13241
-10663,32767,-13123
-11034,32767,-12531
-10927,32767,-11419
-10311,32767,-10258
-9018,32767,-9587
-6882,31821,-8777
-4872,28977,-7931
-3527,26944,-7487
-2258,25662,-7381
-1247,24420,-7539
-481,23240,-7529
35,21996,-7578
194,20851,-7570
105,20053,-7235
-361,18958,-6539
-1106,17053,-5699
-1620,14868,-4439
-1848,12430,-3141
-1797,9949,-1737
-1511,7927,-462
-1335,6337,330
-1470,5021,893
-1501,3653,1269
-966,1999,2082
-359,473,2882
265,-982,3822
622,-2336,4437
938,-3430,5129
1383,-4412,5499
2030,-4879,5513
2372,-4812,5297
2150,-4608,5158
1841,-4555,5260
1655,-4579,5349
1724,-4522,5311
1668,-4275,5246
1604,-3833,4846
1866,-3097,4217
2244,-1970,3885
2008,-651,3468
1108,490,2780
161,1891,2109
-385,3816,1138
-907,6177,185
-1605,8028,-565
-1685,9429,-1031
-1623,10360,-1467
-1832,11014,-1939
-1936,11698,-2133
-1669,12674,-2902
-1687,13765,-3336
-1424,15279,-3742
-1315,16873,-4409
-1571,19362,-5461
-2136,21980,-6627
-2520,24396,-7328
-2903,27188,-8456
-3647,30879,-9455
-4473,32767,-10665
-5681,32767,-12346
-5378,32724,-12566
-6358,32767,-13586
-7280,32767,-13908
-7765,32766,-13595
-8217,32767,-12800
-8334,32767,-11726
-8186,32767,-10737
-7205,32767,-9977
-5479,32637,-9466
-3851,30698,-8783
-2556,27754,-8368
-1437,25554,-7795
-496,23795,-7370
192,22362,-6940
485,21483,-6402
44,21140,-6135
-542,20509,-5887
-955,19199,-5550
-1117,17270,-4730
-1130,14936,-3631
-826,12405,-2300
-410,10122,-782
-340,8395,534
-605,7084,1161
-838,5899,1315
-541,4981,1600
76,4355,2016
470,3611,2433
599,2461,3183
431,971,3901
32,-373,4553
221,-1422,5017
668,-2344,5421
849,-3053,5712
879,-3630,5993
707,-4056,5910
546,-4203,5538
646,-4064,4809
955,-3652,4096
1103,-3017,3498
1026,-2324,3039
885,-1745,2684
741,-1445,2341
670,-1040,2046
809,-362,1636
641,874,869
221,2408,417
8,3586,-180
184,4529,-687
209,5473,-942
16,6798,-1173
-579,8680,-1714
-1381,10953,-2320
-2116,13392,-2896
-2968,15536,-3181
-3248,17766,-3636
-3853,20174,-4475
-4433,23414,-5364
-5049,26084,-6358
-5231,27993,-7295
-4338,29971,-8147
-3290,32277,-8695
-2300,32767,-10205
-2958,32755,-11128
-3477,32752,-12961
-6558,32767,-14803
-8510,32767,-15428
-9508,32767,-15262
-9475,32767,-14597
-8366,32767,-13568
-6624,32767,-12454
-5056,32767,-11132
-3556,31502,-9692
-2345,27917,-8426
-1535,25064,-7554
-811,23279,-7167
-38,22162,-7144
427,21373,-7300
528,20618,-7268
364,19749,-7017
299,18486,-6574
328,16808,-5904
346,14519,-4979
523,11608,-3584
558,9102,-2196
97,7247,-1130
-154,6054,-265
-204,5195,483
-613,4379,1158
-896,3327,1708
-845,1788,2210
-971,33,2759
-1104,-1948,3556
-960,-3682,4293
-389,-4966,5014
634,-5837,5508
1851,-6471,5718
2861,-6715,5620
3874,-6429,5369
4865,-6051,4830
5196,-5483,4498
4700,-4642,4189
3821,-3392,3795
2952,-1995,3540
2187,-730,3163
1447,687,2684
719,2268,1997
88,3779,1272
-642,5050,553
-1303,6021,28
-1513,6899,-717
-1318,7192,-783
-440,6940,-268
468,7676,75
215,9776,-471
-394,12997,-1609
-1460,16797,-2744
-3116,19926,-4044
-3863,21943,-4537
-3989,24122,-5101
-4054,25964,-5846
-3146,27091,-6151
-1969,28270,-6802
-1050,30286,-7354
-366,32538,-8615
-1461,32767,-9400
-2151,32751,-10370
-4650,32760,-11833
-7049,32767,-12292
-9064,32767,-11859
-9764,32767,-10992
-9494,32767,-10154
-8381,32767,-9466
-6619,32767,-8784
-4790,32476,-7856
-3137,30134,-6989
-2028,27486,-6519
-1057,25682,-6121
-340,23943,-5886
248,22520,-5472
607,21532,-5043
339,20635,-4832
-191,19675,-4510
-824,18603,-3954
-1543,17112,-3461
-1995,15215,-2768
-2026,13010,-2057
-1886,10762,-1183
-1684,8490,-349
-1590,6237,299
-1357,4179,1043
-969,2091,2196
-518,174,3239
-284,-1353,4013
-530,-2701,4567
-482,-4164,5098
-337,-5328,5693
-129,-6033,5996
246,-6664,5892
934,-7195,5515
1532,-7458,5126
1977,-7333,4575
2604,-6650,3919
3402,-5549,3151
3815,-4251,2840
3102,-3035,2662
1904,-2095,2492
879,-1062,2381
345,-28,1777
-223,1304,774
-882,2990,345
-1351,4296,-338
-1059,5238,-961
-216,6352,-1459
1029,7979,-2270
1686,10248,-2907
994,12825,-3785
-318,15456,-3964
-2368,17007,-4139
-3760,18020,-4378
-3784,18928,-4465
-3027,19962,-4789
-1478,21319,-5846
-151,23508,-6868
420,26488,-8026
152,30688,-10093
-268,32767,-10292
-1876,32767,-12638
-5377,32724,-14746
-8762,32767,-15918
-11551,32767,-15952
-12908,32766,-14547
-12854,32767,-12694
-11375,32767,-10849
-9094,32767,-9529
-7098,32690,-8610
-5307,30721,-7873
-3685,27449,-7254
-1861,25108,-6827
-397,23812,-6636
287,23068,-6804
614,22322,-7116
872,21379,-7120
938,20049,-6728
715,18250,-6216
414,16265,-5450
-131,14405,-4381
-438,12704,-3345
-556,11477,-2380
-609,10436,-1494
-842,9193,-454
-1440,7914,331
-1737,6746,1106
-1647,5430,1911
-1491,4108,2483
-1188,2549,3114
-692,807,3779
-175,-561,4675
-56,-1760,5523
162,-2876,6353
282,-3796,6910
326,-4361,7070
652,-4842,6974
949,-5205,6653
1478,-5315,5995
2464,-4736,5173
3006,-3793,4588
2859,-2875,4137
2230,-2055,3970
1298,-1066,3688
287,369,3054
-408,2207,2062
-645,4081,1240
-984,5478,489
-1351,6850,-44
-1831,8200,-415
-1804,8791,-362
-991,8799,62
68,8633,273
944,8855,107
1029,10061,-177
261,11475,-769
-499,13307,-1375
-777,15787,-2059
-1411,18470,-3056
-1456,22288,-4663
-1382,25413,-5722
-1066,27666,-6122
-317,29829,-6165
44,32309,-6402
-568,32767,-7176
-1767,32750,-8687
-2109,32752,-8758
-4634,32767,-10480
-7468,32767,-11586
-9606,32767,-11870
-11247,32767,-11655
-11392,32767,-10455
-9475,32767,-8592
-6674,32653,-6972
-4434,30060,-5599
-2975,26443,-4936
-1934,24478,-4846
-1051,23468,-5190
-601,22965,-5396
-677,22429,-5488
-609,21328,-5373
-150,19673,-4956
180,17731,-4597
327,15623,-4253
589,13414,-3479
766,11024,-2423
681,8712,-1060
375,6789,461
6,5154,1657
-285,3756,2614
-83,2576,3543
284,1948,4264
146,1722,4737
-676,1444,5045
-1541,1160,5243
-1635,430,5596
-1586,-473,5748
-1279,-1439,5766
-688,-2322,5648
262,-3046,5380
1498,-3487,5244
2475,-3723,5390
2610,-3897,5617
1875,-3688,5800
945,-3015,5820
342,-2095,5447
174,-972,5115
-59,-128,4881
-946,359,4539
-1967,875,4006
-2301,1574,3205
-1584,2656,2405
-488,3858,1718
353,5470,1160
713,7446,6
450,9733,-1626
361,12368,-2961
233,14563,-3300
-133,15861,-3331
-526,18031,-3912
-1011,20374,-4718
-1197,23145,-6395
-864,25399,-8167
265,27211,-8824
1388,29440,-8789
1612,31841,-8480
1390,32767,-8750
694,32767,-9598
106,32744,-9430
-2057,32767,-10784
-5006,32767,-11616
-6966,32766,-11240
-8460,32767,-10409
-8609,32767,-9152
-6903,32767,-7981
-4141,32767,-7205
-2229,32222,-6723
-1276,30162,-6306
-519,28676,-6355
203,27486,-6545
587,25971,-6581
631,24064,-6480
824,21958,-5849
1066,19795,-4827
1212,18027,-3596
1286,16696,-2412
1016,15574,-1349
205,14278,-704
-902,12726,-176
-1898,10653,396
-2118,8401,1217
-1802,6248,2132
-1232,4247,3152
-735,2584,4012
-506,1350,4359
-142,524,4504
409,-325,4825
655,-971,5175
520,-1711,5276
264,-2676,5422
51,-3569,5553
-168,-4410,5496
-247,-5113,5578
63,-5475,5887
229,-5557,5991
-90,-5255,5636
-528,-4598,4729
-267,-3466,3575
259,-2525,3071
457,-2187,2576
397,-2080,2538
393,-2177,2667
730,-2095,2757
1025,-1418,2458
728,36,1849
-54,1979,736
-414,4426,-650
-369,6676,-1529
-578,8164,-2332
-927,9080,-2485
-1036,9183,-1616
-490,8784,-755
759,9525,-727
1424,12011,-861
486,15296,-2232
-816,19064,-3844
-1473,23789,-5498
-1779,29510,-7444
-2432,32767,-10237
-4015,32767,-9019
-5342,32701,-10886
-8442,32767,-12327
-9116,32767,-12207
-8748,32766,-11592
-8295,32767,-10975
-8468,32767,-10464
-8969,32767,-10156
-9209,32767,-10198
-8337,32767,-10191
-6661,32767,-9805
-5237,32767,-9259
-3854,32333,-8677
-2343,29990,-8258
-597,27702,-8257
1134,26366,-8105
1845,25308,-7767
1499,23817,-7376
579,21915,-6876
-144,19810,-6193
-481,17489,-5343
-443,14670,-4191
-478,11645,-2861
-894,9381,-1796
-911,7474,-476
-887,6029,314
-820,5166,922
-664,4225,1409
-591,2983,1597
-78,1455,1272
972,64,1388
1530,-1525,2051
1719,-3142,3058
1920,-4549,3965
1995,-5570,4498
2534,-6109,4806
3366,-6535,5034
3697,-6818,4895
3471,-6664,4772
2711,-6248,4393
1621,-5656,4297
1043,-5184,4450
946,-4774,4519
763,-4228,4457
641,-3549,4047
1068,-2521,3680
1154,-1212,3304
545,52,2648
-381,1615,1850
-1058,3323,894
-1728,5425,-214
-2318,7459,-1332
-2220,9398,-2066
-1781,11690,-2859
-2011,13852,-3332
-2161,15961,-4490
-2172,18130,-5402
-2267,20243,-6231
-2050,22468,-6922
-1789,24764,-7393
-1285,27471,-7869
-1594,30525,-9287
-876,32762,-9876
-757,32767,-12790
-2116,32730,-15134
-3351,32763,-15880
-4936,32767,-15426
-6541,32766,-14606
-7399,32767,-13541
-7800,32767,-12709
-8068,32767,-12097
-7320,32767,-11527
-5570,32767,-10949
-3519,32284,-10021
-1899,29534,-9055
-434,26577,-8324
741,24361,-7761
1400,22657,-7400
1437,21487,-7271
1097,20455,-7055
538,19394,-6615
-239,18043,-6070
-621,16478,-5488
-343,14662,-4782
11,12777,-3772
12,10926,-2561
-359,9093,-1358
-698,7223,-14
-1083,5780,1141
-1557,4469,1759
-1735,3186,2338
-1704,1743,2566
-1442,20,3016
-1059,-1847,3446
-356,-3312,3907
778,-4588,4406
2118,-5105,4984
3058,-4939,5061
3377,-4341,4525
3240,-3448,4033
2597,-2759,3785
1954,-2559,3563
1378,-2685,3709
873,-2924,3959
557,-3137,4248
446,-3072,4419
375,-2564,4196
275,-1554,3857
152,-173,3286
7,1365,2497
-219,2944,1655
-579,4343,1098
-909,5114,863
-934,5424,731
-495,5708,599
-241,6718,-10
-477,8693,-820
-734,10446,-2108
-1287,12627,-3838
-1532,15778,-5811
-1067,19987,-7421
-741,24833,-9010
-787,28792,-9835
-778,31261,-10050
-483,32577,-9715
-459,32767,-9546
-539,32759,-9842
-1581,32761,-10508
-1566,32767,-10341
-3764,32767,-11467
-6021,32767,-11891
-7481,32767,-11540
-8396,32767,-10608
-8788,32767,-9510
-8570,32767,-8724
-7451,32767,-8176
-5331,32612,-7803
-3088,30508,-7154
-1420,27772,-6620
-402,26159,-6259
255,25052,-5916
307,23968,-5759
-32,22754,-5708
-176,21398,-5514
-233,20025,-4988
-168,18252,-4361
-331,16190,-3785
-448,13893,-3245
-407,11656,-2455
-323,9825,-1736
8,7848,-703
-265,5777,52
-494,3763,767
-463,2003,1679
-595,570,2486
-339,-801,3205
-154,-1955,3871
138,-3016,4380
262,-3731,4944
311,-4164,5427
213,-4266,5607
-76,-3948,5157
-269,-3743,4548
63,-3541,3600
963,-2960,2827
1880,-2691,2803
2526,-2906,3101
2609,-2872,3736
2293,-2481,4145
1825,-1540,4166
1049,-86,3701
365,1339,2932
-122,2927,1617
-158,4923,612
-257,6698,127
-269,7807,22
6,8253,564
472,8341,652
569,8889,213
150,10202,-627
-527,11452,-1934
-600,13172,-2969
-568,15020,-3655
-570,17589,-5302
-235,20905,-6333
-407,24339,-7347
-1061,27507,-8449
-1644,29913,-9401
-1719,32065,-9964
-874,32767,-10668
-1653,32767,-10842
-2505,32749,-11343
-5762,32767,-13059
-8187,32767,-13745
-9419,32767,-13348
-9926,32767,-12425
-9982,32767,-11176
-9162,32767,-9911
-7493,32767,-8890
-5612,32298,-8007
-4099,29503,-7450
-2823,26751,-7180
-1542,24866,-7267
-293,23639,-7190
450,22763,-7247
726,21571,-7111
753,20130,-6742
564,18445,-6177
258,16717,-5500
134,14891,-4456
13,13320,-3108
-633,11958,-1791
-1873,10489,-854
-2547,8561,226
-3025,6638,1214
-3310,4876,2011
-3000,3276,2443
-2310,1775,2787
-1350,153,3109
-346,-1561,3384
483,-3135,3974
1012,-4566,4757
1490,-5861,5449
2094,-6897,6019
2617,-7279,6257
2925,-7279,6441
3071,-7121,5925
3196,-6683,5311
3096,-5631,4447
2849,-4408,3725
2250,-3034,3218
1500,-1582,2720
644,-234,2409
-452,891,1780
-1074,2033,1245
-1421,3346,874
-1797,4485,296
-1933,5644,-187
-1905,7405,-881
-1824,9609,-1487
-2014,12016,-2071
-2249,14252,-2909
-2299,15739,-3335
-1994,15951,-3430
-615,16101,-3093
229,16676,-2521
520,18519,-2788
-103,21382,-3853
-894,25285,-5450
-1190,29764,-6758
-1360,32767,-8537
-3091,32767,-10208
-3078,32709,-10872
-4608,32767,-12177
-6333,32767,-12153
-7732,32766,-11562
-9077,32767,-11096
-9541,32767,-10573
-9073,32767,-9888
-7662,32767,-9456
-5247,32767,-9067
-3242,32602,-8453
-1860,30787,-8106
-439,28642,-7772
837,27189,-7557
1343,25979,-7635
1405,24852,-7615
1140,23556,-7528
584,21906,-7345
214,19649,-6733
13,16915,-5793
-108,14139,-4611
-154,11474,-3229
-168,9000,-1849
-402,6865,-712
-714,4557,307
-998,2026,1195
-1296,-676,1989
-1104,-3078,2760
-511,-4758,3543
236,-5831,4155
1007,-6461,4641
1416,-6796,4939
1634,-6508,5001
1524,-5543,4948
729,-4711,4661
-217,-4205,4131
-875,-3941,3790
-968,-4098,3872
-356,-4538,4217
440,-4792,4710
934,-4586,4781
1312,-3630,4633
1143,-1866,4199
247,301,3377
-905,2200,2597
-1919,3468,1874
-2372,4306,986
-2013,4832,692
-1159,4894,1038
136,5092,1499
777,6713,1347
431,9141,258
-54,11606,-1208
-106,13996,-2473
-109,16126,-3347
-26,17621,-3171
-106,19872,-3768
-630,23058,-5338
-1047,26386,-7049
-533,30243,-8736
-564,32767,-10897
-223,32767,-10960
-604,32728,-12887
-2797,32766,-14215
-4548,32767,-14336
-5799,32766,-13288
-6834,32767,-11875
-7939,32767,-10694
-8552,32767,-9878
-8526,32767,-9203
-7239,32767,-8609
-5392,32648,-7890
-3924,30717,-7165
-2608,28208,-6542
-1342,26663,-6032
-454,25488,-5874
-164,24334,-5831
-78,23110,-5906
262,21924,-5929
793,20886,-5649
1455,19725,-5364
2112,18884,-5533
2452,18298,-5117
1813,17187,-4500
685,15948,-4020
-486,14403,-3622
-1238,12181,-3036
-1440,9577,-2291
-1416,6812,-1498
-1197,4530,-554
-871,2222,388
-458,-249,1221
-180,-2476,2283
413,-4348,3289
840,-5830,4144
1050,-6916,5009
1287,-7809,5757
1644,-8510,6334
1856,-8621,6779
1731,-8376,6874
1219,-7864,6421
878,-7159,5619
1123,-6224,5088
1546,-5237,4807
1664,-4498,4762
1255,-3766,4941
248,-2954,5059
-1099,-2109,4911
-2030,-1117,4455
-2288,46,3663
-2271,1235,2399
-2249,3115,1179
-2247,5110,126
-1663,7164,-1341
-391,9770,-2594
858,12593,-3229
1116,14835,-3570
575,16991,-4122
-114,18791,-4804
-738,20881,-5376
-1613,23549,-6434
-2772,26452,-8297
-3271,29323,-9622
-3164,31851,-10610
-1823,32767,-12448
-247,32760,-11738
542,32757,-13107
-1018,32767,-14233
-2795,32767,-14263
-4737,32767,-13965
-6351,32767,-13653
-6903,32767,-13080
-6860,32767,-12364
-6169,32767,-11577
-4851,32767,-10719
-3360,32766,-9942
-1705,31853,-9146
-521,29465,-8397
247,27736,-8029
856,26726,-7842
1146,25804,-7667
1005,24270,-7464
381,22106,-7056
-523,19507,-6533
-1218,16870,-5649
-1586,14495,-4509
-1657,12264,-3368
-1480,10111,-2195
-1024,7792,-993
-790,5480,105
-1022,3182,1051
-1168,557,2016
-1060,-2385,3219
-1007,-5114,4473
-574,-7123,5386
313,-8293,6237
1199,-9038,6942
1769,-9717,7172
2267,-10204,6942
3082,-9822,5955
3505,-8757,5527
2982,-7695,5131
1665,-6767,4830
383,-6306,4668
-422,-6100,4536
-978,-5808,4422
-1191,-5427,4135
-876,-4711,3917
-355,-3564,3209
143,-1890,2146
613,-243,1263
470,1592,445
-742,3536,-478
-1681,4894,-1596
-1563,5699,-1715
-664,6384,-1856
336,7749,-1946
534,9831,-2209
58,12323,-3044
-358,14914,-4315
-527,17686,-5072
-1431,20861,-5768
-2666,23501,-5831
-2867,26483,-5975
-1213,30265,-6852
-1835,32310,-7279
-569,32767,-6483
-1735,32767,-8994
-3911,32756,-9888
-5139,32767,-9955
-6335,32767,-9783
-7410,32767,-9669
-7510,32767,-9392
-6950,32767,-9136
-6753,32767,-9058
-6761,32767,-8852
-6682,32767,-8402
-5828,32767,-7922
-4295,32767,-7236
-2909,32049,-6766
-1959,29846,-6649
-857,28285,-6440
51,27038,-6039
81,25529,-5918
-18,24028,-5874
-172,22355,-5495
-803,20032,-5078
-1419,17237,-4573
-1594,14557,-4258
-1456,12003,-3506
-1290,8975,-2661
-1006,5542,-1929
-445,2405,-845
-111,-51,632
-88,-1510,2022
-133,-2316,2971
-468,-2845,3550
-1054,-3172,4151
-1840,-3447,4512
-2082,-3851,4605
-2129,-4142,4851
-2136,-4516,5141
-2102,-5165,5295
-1542,-5388,5686
-780,-5800,5304
404,-6145,4600
2180,-5973,3708
3499,-5597,3718
4147,-5735,3634
4624,-5496,3618
4406,-4595,3202
3940,-3354,2323
3628,-2078,1535
3256,-604,472
2186,1151,-472
697,2967,-1008
-649,4427,-1550
-1342,6182,-2267
-1715,8719,-3404
-2109,10892,-4452
-1469,12192,-4814
139,12504,-4167
1405,13321,-3858
1507,15773,-4167
220,19849,-5344
-259,24872,-8329
-1715,28178,-8729
-1047,32767,-10002
-3604,32767,-11827
-6577,32684,-13188
-9043,32762,-14081
-11596,32767,-14245
-14081,32766,-13700
-15558,32767,-12858
-16228,32767,-12184
-15631,32767,-11234
-13895,32767,-10469
-11642,32767,-10211
-9365,32767,-9915
-7124,32767,-9301
-4962,32356,-8989
-3166,30107,-8584
-1799,27755,-8283
-813,25934,-8125
-44,24437,-7767
506,23378,-7475
693,22983,-7730
108,22602,-7687
-791,21037,-7418
-1501,18310,-6642
-2727,15209,-6275
-3366,11852,-5967
-2637,8506,-4886
-993,5879,-3045
448,3982,-1513
1480,2511,216
1498,1416,1461
433,492,2030
-744,-946,2281
-1442,-2875,2544
-1209,-4745,3083
14,-6311,4031
1211,-7377,4664
2572,-8523,5458
3806,-9834,5820
4050,-10713,5716
3906,-11085,5840
3793,-10655,5864
3650,-9284,5353
3084,-7473,4273
2272,-5786,2896
1495,-4220,2114
891,-3054,1175
423,-1996,923
-8,-1589,1138
-347,-1376,1689
-647,-569,1972
-465,870,1920
-342,3046,1431
-683,5477,568
-1507,7432,-262
-2386,8561,-660
-2979,8887,-470
-3039,9280,475
-2543,10291,850
-2224,12258,130
-2053,14991,-1139
-1845,17984,-2545
-1523,22036,-3910
-2229,26359,-5538
-3658,31644,-7238
-5258,32767,-9679
-8248,32737,-11070
-8128,32732,-10378
-7517,32767,-11876
-6971,32767,-13198
-5977,32766,-13038
-6379,32767,-12475
-7702,32767,-11853
-8532,32767,-11127
-8269,32767,-10277
-6990,32767,-9746
-5610,32767,-9111
-4269,32103,-8197
-3009,29557,-7483
-2000,27164,-7141
-1199,25265,-7056
-234,23751,-6835
615,22839,-6394
731,21987,-6014
160,20991,-6418
-157,20093,-7227
151,18988,-7437
276,17152,-6887
-318,14696,-5287
-1800,11394,-3451
-2478,7717,-1557
-2511,4444,-489
-1863,1874,445
-1169,-442,1057
-663,-2542,1665
-248,-4137,2287
-286,-5177,2987
-338,-5574,3695
113,-5696,4239
781,-5735,4591
1549,-5776,4705
2593,-5949,4282
4023,-5826,3664
5149,-5424,3633
5264,-5425,3639
4820,-5469,3884
3725,-5474,4249
2656,-5616,4463
1966,-5052,4335
1414,-3845,3426
1573,-2113,2680
1530,82,1307
1415,3021,16
593,5633,-1000
-645,7515,-1319
-1720,8670,-1110
-2215,9474,-995
-2105,10354,-650
-2059,11841,-979
-2182,14116,-1835
-2801,16348,-3075
-3055,19040,-4252
-3578,21794,-5066
-4099,24722,-6113
-4269,27749,-6843
-4447,30332,-7670
-3967,32517,-8769
-3614,32767,-10522
-4883,32743,-10329
-7113,32757,-11957
-10560,32767,-13305
-12776,32767,-13316
-14064,32767,-12585
-13812,32767,-11326
-12336,32767,-9902
-10348,32767,-8996
-8291,32767,-8250
-6668,32626,-7750
-5413,31053,-7638
-3985,29090,-7875
-2187,27433,-8065
-703,25812,-7556
221,23915,-6923
426,21930,-6661
228,19879,-6218
-122,17829,-5443
-624,15744,-4665
-1173,13467,-4029
-1709,10871,-3055
-2028,8038,-1709
-1735,5152,-639
-256,2349,31
1304,102,1122
1558,-2329,2140
1891,-4725,3358
2683,-5993,4963
3307,-6120,6046
2744,-5650,6383
1243,-4827,6177
-246,-3969,5607
-1250,-3583,5073
-1888,-3417,4391
-2099,-3097,3892
-1514,-3125,3638
-868,-3354,3319
-158,-3611,2963
1040,-3763,2883
1869,-3890,2956
2404,-3760,2921
2989,-2909,2887
3098,-1641,2500
2544,-472,1747
1915,667,1015
1172,1928,427
566,3117,-499
742,4865,-1538
908,7562,-2208
463,9809,-2614
-730,11632,-3150
-2121,13470,-3612
-3066,14708,-3820
-3247,15522,-3804
-2206,15546,-3657
-508,17236,-4159
-224,19891,-5145
-665,23399,-6701
-590,27485,-8917
-1325,30630,-9161
-487,32767,-10406
-3408,32767,-12970
-6510,32718,-14368
-8531,32767,-14525
-9610,32767,-13811
-9927,32766,-12708
-9907,32767,-11765
-10211,32767,-11134
-10212,32767,-10730
-9412,32767,-10413
-7671,32767,-10047
-5576,32514,-9414
-3647,29765,-8702
-1809,26458,-7891
-166,24871,-7107
802,24422,-6914
1160,24231,-7319
1404,24018,-7717
1855,23515,-7980
2220,22194,-7637
2066,19735,-7326
1947,16306,-6556
1787,13155,-5202
1494,10412,-3705
1457,8225,-2111
1339,6568,-808
577,4982,139
-321,3344,765
-927,1439,1330
-1305,-954,1717
-1357,-3025,2556
-873,-4875,3385
-252,-6461,4004
471,-7483,4797
1369,-8181,5403
2059,-8555,5771
2428,-8499,5377
2477,-8053,4489
2504,-7142,3474
2721,-5624,2356
2397,-4116,1961
1743,-3500,1915
1195,-3212,2301
849,-3068,2771
397,-2677,2861
-355,-2111,2792
-849,-1216,2527
-771,-20,2191
-846,1525,1639
-1273,3121,731
-1301,4917,-380
-1165,6862,-1193
-1311,8279,-1440
-1456,8923,-1424
-1876,9653,-1522
-2483,10748,-1791
-3183,12656,-2449
-3865,14444,-3761
-3834,16070,-5135
-2135,17903,-6286
-455,21410,-7693
138,25806,-9428
36,30564,-11072
-1919,32767,-13214
-2615,32767,-13258
-3521,32723,-15173
-5350,32767,-16009
-6358,32767,-15749
-7224,32766,-14798
-8249,32767,-13554
-9591,32767,-12591
-10630,32767,-11855
-10637,32767,-11250
-9820,32767,-10592
-8317,32767,-10006
-6216,31804,-9217
-4227,28364,-8379
-2621,25253,-7694
-828,23239,-7091
528,21735,-6639
1137,20445,-6374
962,19410,-6308
519,18265,-6237
398,16945,-5814
374,15478,-5276
676,13716,-4776
1388,12142,-4797
2064,10933,-4117
1999,9421,-2972
1070,7838,-1823
-474,6556,-657
-1949,5264,222
-2482,3874,891
-2419,2187,1472
-2166,191,2003
-1845,-1545,2802
-1562,-2796,3792
-798,-3654,4552
88,-4166,5296
642,-4326,5683
1268,-4228,5820
1542,-4037,5737
1555,-3890,5449
1561,-3841,5282
1571,-3986,5473
1462,-4142,5548
1287,-4060,5524
1446,-3893,5557
1596,-3138,5135
1295,-2002,4573
964,-500,3758
527,1221,2664
-286,3151,1147
-573,5119,-387
-679,6475,-1224
-888,7332,-1748
-709,8311,-1888
-841,9766,-2170
-1267,11172,-2824
-1380,12707,-3724
-1241,14464,-4624
-674,16665,-5329
-471,17723,-5705
325,18921,-5675
904,20332,-5594
903,22762,-5852
586,26330,-7119
-72,30560,-9572
52,32767,-9751
-835,32767,-11709
-3169,32724,-13483
-5171,32767,-14231
-6956,32767,-14147
-8409,32766,-13300
-9604,32767,-11967
-10075,32767,-10511
-10057,32767,-9342
-9166,32767,-8536
-7535,32692,-7969
-5458,30766,-7508
-3365,27582,-7013
-1644,24975,-6797
58,22889,-6626
1243,21276,-6427
1691,19709,-6372
2051,17915,-6279
2645,16001,-5876
3109,13957,-5071
2981,12120,-4149
2575,10282,-3107
2023,8607,-2017
1725,7150,-978
1720,5882,-171
1665,4624,582
1354,3138,1266
845,1659,2024
408,23,2725
82,-1488,3593
173,-2733,4470
405,-3568,5107
545,-4116,5544
616,-4329,5866
663,-4233,6004
706,-4038,5702
552,-3915,5250
186,-3874,4776
25,-3419,4093
215,-2591,3855
525,-2189,3831
994,-1974,3885
1501,-1603,3861
1562,-1231,3817
1496,-880,3380
1839,-76,3000
1707,977,2289
1025,1903,1228
288,3135,82
-482,5433,-904
-1136,8393,-2399
-1502,11062,-3004
-1224,12992,-3487
-690,14300,-3669
-1752,15082,-4251
-2913,15692,-4949
-3404,17369,-5754
-4216,19728,-6753
-4815,22140,-7862
-4258,24546,-9350
-2458,27177,-11085
91,29959,-12736
687,31642,-12357
970,32767,-12847
-2082,32767,-13426
-6522,32741,-13684
-11208,32767,-14294
-14905,32767,-14749
-16985,32766,-14626
-17781,32767,-14217
-17495,32767,-13087
-16232,32767,-11363
-14079,32767,-10044
-11493,32690,-8785
-9248,30605,-8059
-6948,26913,-7605
-4469,24298,-7215
-2775,22880,-6967
-1808,21887,-6974
-1414,20850,-7035
-1461,19563,-7078
-1505,17906,-6952
-866,15953,-6624
-88,13554,-5816
495,10756,-4557
661,7831,-3171
723,5063,-1913
802,2569,-755
722,778,402
1031,-738,1499
1258,-2394,2288
1431,-4001,2839
1815,-5319,3385
2048,-6110,4065
2282,-6581,4458
2796,-6716,4602
3390,-6480,4314
3829,-5899,3693
4253,-4845,3295
3659,-3892,3329
1981,-3400,3132
227,-2560,3152
-1176,-1853,3292
-2063,-1434,3146
-2488,-789,2930
-2447,-190,2725
-1784,310,2618
-963,1028,2074
-307,2191,1618
132,3685,799
211,5812,158
-393,8082,-154
-1447,10320,-1008
-2048,12672,-2090
-2048,14813,-2732
-2103,16546,-3405
-1147,17742,-3404
-583,19385,-3612
-1122,21407,-4634
-1681,23835,-5930
-1339,26342,-7327
130,29611,-9079
-29,32209,-9788
-201,32767,-11817
-2990,32759,-14294
-6003,32751,-15424
-9047,32767,-15426
-11687,32767,-15146
-13482,32767,-14572
-14062,32767,-13595
-12736,32767,-12139
-9837,32767,-10935
-6813,32462,-9443
-4767,29673,-8240
-3223,26481,-7619
-1635,24659,-7181
-514,23479,-6930
150,22327,-6739
474,21011,-6545
820,19436,-6105
1086,17772,-5348
1305,16182,-4570
1376,14864,-3901
1484,13890,-3527
1392,13643,-3364
697,13384,-2939
-77,12337,-2218
-506,10579,-1433
-456,8393,-493
-615,5801,604
-982,3350,1395
-1244,976,2076
-1105,-1082,2779
-765,-2680,3585
-364,-3928,4458
57,-5049,5127
394,-6045,5671
707,-6643,5941
1092,-6763,5895
1656,-6315,5541
2093,-5609,4922
2101,-5031,4331
1893,-4584,3987
1778,-4140,3838
1835,-3823,3508
2037,-3229,3433
2201,-2625,3266
2175,-2007,3347
1574,-949,3230
714,353,2461
238,1963,1647
-42,3778,958
-296,5110,340
-552,6179,117
-834,7582,-270
-1084,9077,-1120
-988,10842,-2470
-530,13204,-3819
-509,16212,-5056
-1353,19199,-5944
-1496,22782,-6739
-2225,25955,-7788
-3327,29406,-8777
-4314,32624,-10251
-4475,32767,-12362
-5580,32723,-12793
-6836,32758,-13546
-10315,32767,-14340
-12997,32766,-14194
-14573,32767,-13195
-15092,32767,-11606
-15004,32767,-10234
-13892,32767,-9408
-11356,32767,-8977
-8480,32671,-8512
-6177,30791,-8199
-4106,27885,-8051
-2183,25825,-7720
-967,24110,-7627
-215,22448,-7461
182,20976,-6963
-40,19623,-6423
-430,18161,-5601
-820,16602,-4572
-1105,14896,-3422
-1326,12950,-2355
-1672,10820,-1584
-1848,8644,-968
-1216,6709,228
-455,5040,1261
-93,3903,1788
155,3101,2086
204,2181,2403
116,959,2703
214,-203,3129
717,-1354,3591
1291,-2484,3960
1794,-3133,4170
2159,-3436,4513
2019,-3573,4737
1322,-3703,4883
771,-3854,5012
505,-4051,5095
510,-4339,5252
724,-4642,5606
569,-4680,5782
352,-4207,5705
470,-3281,5292
792,-2264,4817
929,-1209,4260
665,-110,3756
152,799,2867
-11,1826,1661
-20,3254,425
18,5123,-967
-267,7441,-2353
-264,9642,-3547
163,12193,-4560
-129,14437,-5437
354,16562,-6553
592,18007,-6911
524,19862,-7313
-535,22476,-7979
-1865,25869,-8774
-2661,29702,-9549
-3099,32767,-11003
-5215,32767,-11483
-5846,32713,-12514
-7627,32765,-13529
-9134,32767,-13207
-11089,32766,-12493
-13147,32767,-11849
-14334,32767,-11413
-13864,32767,-11095
-11526,32767,-10814
-8611,32767,-10244
-6050,32622,-9232
-3800,30139,-8269
-1726,26620,-7570
-170,24518,-7112
653,23381,-7132
517,22457,-7369
-190,21315,-7477
-1049,19659,-7177
-1746,17216,-6650
-1692,13968,-5828
-960,10565,-4653
-125,7497,-3256
1042,4910,-1886
2101,3009,-478
2468,1631,666
2263,507,1610
2154,-241,2477
2041,-835,3379
1638,-1333,4144
1383,-1991,4920
1131,-2497,5735
435,-2441,6112
-418,-2244,6125
-1310,-1946,5999
-2350,-1634,5573
-3097,-1708,5038
-2778,-2209,4738
-1388,-3158,5099
124,-4287,5598
1283,-4844,6039
1953,-4940,6303
2237,-4357,6120
1846,-2796,5471
1081,-837,4258
260,886,2990
-331,1946,1716
-398,2658,1195
-40,2561,1459
735,2416,1639
1385,3417,1132
1350,5369,-41
685,8038,-2218
461,11210,-3861
22,13722,-4816
-183,15777,-4945
393,17929,-5600
1408,20675,-6396
1737,23426,-7312
1744,26334,-8502
1282,30570,-10276
28,32767,-9729
-1266,32767,-11320
-4350,32732,-13172
-6213,32764,-13428
-7592,32767,-12668
-8728,32766,-11571
-9639,32767,-10530
-10582,32767,-9931
-10854,32767,-9421
-10180,32767,-9356
-8216,32767,-9251
-5683,32705,-8566
-3515,30921,-7826
-1687,27882,-7330
97,25811,-7254
1750,24712,-7650
3007,23964,-7807
3441,22944,-7657
3035,21462,-7370
1955,19664,-7129
1254,17751,-6637
971,15841,-5990
544,13931,-5158
-173,12066,-3971
-946,9927,-2762
-1605,7818,-1562
-1897,5814,-455
-1455,3312,766
-750,527,1846
-139,-2151,2620
335,-4183,3446
1071,-5556,4363
1791,-6438,5250
2405,-7106,5708
3023,-7584,5967
3297,-7821,6026
3003,-7762,5807
2266,-7538,5424
1329,-6791,4929
669,-5927,4474
727,-5546,4333
990,-5495,4509
1417,-5333,4876
1488,-4518,4973
1121,-3259,4649
393,-1922,4019
-568,-138,2898
-1769,1978,1589
-2502,4247,125
-2438,6102,-1047
-1894,7322,-1795
-748,8796,-2066
-12,10539,-2331
-152,12560,-2971
-790,14777,-3881
-2083,16482,-4685
-2096,18251,-4986
-1572,21042,-5531
-1984,24613,-6810
-2527,28445,-8267
-1574,32084,-10437
-1465,32767,-10577
-200,32758,-10698
-1476,32749,-11282
-3337,32767,-11320
-5227,32767,-10946
-7117,32767,-10610
-8931,32767,-10229
-10512,32767,-10109
-10933,32767,-9780
-9952,32767,-9311
-7598,32767,-8693
-4856,32255,-7723
-2913,29161,-7097
-1370,26063,-6766
312,23988,-6574
1515,22569,-6561
2038,21384,-6451
2121,20332,-6168
1631,19387,-6073
1162,18169,-5752
877,16343,-5138
687,14205,-4278
340,12033,-3265
256,9880,-2418
597,8117,-1363
781,6485,-398
972,5263,496
1365,4739,1294
1360,4623,2014
781,4459,2471
-227,3983,2753
-869,3159,3098
-1093,2206,3496
-1081,1094,4083
-885,36,4807
-871,-910,5496
-900,-1916,6009
-922,-3051,6276
-1045,-3805,6560
-1272,-4247,6788
-1658,-4662,6842
-1563,-5034,6690
-995,-5021,6307
-395,-4857,5695
681,-4271,4759
1675,-3184,3847
2173,-1816,2981
2207,-548,2185
1511,682,1488
679,1432,696
572,2137,-386
1065,4059,-1436
1368,6747,-2249
1287,9694,-3304
1041,13006,-4607
448,16472,-5756
-94,19748,-6546
-343,22994,-6998
-421,27133,-7628
-533,31603,-8731
-878,32767,-10051
-2310,32762,-11218
-3865,32734,-12263
-5601,32767,-11933
-6823,32767,-11926
-8982,32766,-11939
-10716,32767,-11087
-11505,32767,-9636
-11398,32767,-8409
-9734,32767,-7471
-6981,32756,-6796
-4414,31190,-6355
-2456,27514,-5949
-889,24433,-5668
131,22214,-5398
577,20484,-5117
731,18777,-4728
647,17068,-4266
399,15135,-3704
344,12984,-2788
277,11126,-1861
235,9661,-1037
383,8048,-14
-120,6459,576
-605,5279,685
-72,4518,791
930,4122,1007
1381,3629,1792
881,2701,2675
98,1719,3329
-506,436,3900
-767,-1001,4398
-775,-2170,5037
-885,-3018,5632
-876,-3705,6069
-840,-4466,6282
-868,-5105,6629
-1144,-5455,6802
-1222,-5413,6619
-940,-4773,6101
-388,-3979,5452
692,-2992,4615
1360,-1726,4196
1212,-574,3653
504,644,2817
-87,2054,1825
-292,3545,1206
-373,5414,232
-205,7506,-1170
929,9632,-2177
1977,11473,-2606
1963,13004,-2991
1581,14799,-3220
855,16934,-3593
308,19260,-4257
640,22508,-5178
477,25845,-6156
-559,29445,-7142
-1997,32730,-8283
-3397,32767,-9470
-4468,32718,-10512
-6850,32760,-10848
-8347,32767,-10285
-10653,32766,-10726
-12502,32767,-10403
-13147,32767,-9476
-12599,32767,-8297
-10651,32767,-7176
-7482,32755,-6149
-4462,31086,-5475
-2165,27383,-5155
-179,24894,-5044
1205,23471,-5196
1851,22279,-5305
1848,20713,-5234
1534,18874,-4907
1327,16797,-4140
1078,14545,-3077
806,12204,-2051
412,9899,-1208
480,7853,-469
1436,6056,216
2119,5125,542
2208,4440,1038
1807,3646,1416
1376,2648,2020
844,1462,2729
407,227,3543
206,-828,4170
78,-1595,4725
-100,-2149,5168
-570,-2612,5383
-957,-3150,5595
-1045,-3682,5867
-1109,-3996,6042
-1297,-4303,5939
-1155,-4496,5832
-467,-4330,5608
402,-3991,5260
1395,-3455,5086
1775,-2734,5076
1158,-2088,4899
-77,-1407,4403
-1175,-560,3823
-2108,456,2913
-2841,1577,1773
-2662,2736,583
-1105,3830,-735
849,5512,-1923
1988,7614,-3270
2975,10502,-4657
3317,14082,-6124
2355,17398,-7010
1623,20472,-7866
1099,23312,-8814
636,26382,-9842
859,30358,-11598
-389,32767,-11709
-1138,32767,-12607
-4627,32730,-14366
-8045,32765,-14874
-10759,32767,-14266
-12798,32766,-13059
-13645,32767,-11362
-13535,32767,-9767
-12063,32767,-8535
-9775,32767,-7768
-7396,32761,-7206
-5194,31330,-6838
-3178,28055,-6750
-1090,25707,-6637
714,24060,-6476
1807,22602,-6477
2338,21038,-6303
2542,19291,-5898
2311,17696,-5487
1641,16394,-4756
629,15090,-3899
-5,13192,-2752
-757,10612,-1936
-643,8266,-932
280,6585,415
624,5329,1308
678,4131,1913
853,2813,2175
983,1547,2387
1064,290,2692
1141,-897,3051
1149,-1879,3483
1078,-2566,3878
884,-3203,4034
930,-3763,4442
881,-4032,4753
349,-4141,4789
-323,-4246,4780
-1090,-4353,4786
-1803,-4379,4786
-2148,-4522,4735
-1872,-4567,4617
-892,-3948,4412
-558,-3089,4274
-900,-2578,4376
-1244,-2401,4536
-1779,-2091,4218
-2196,-1695,3734
-1843,-1180,3061
-1274,-9,2459
-1272,1420,1567
-714,3448,184
129,6603,-1449
1424,9823,-3407
2214,13509,-4697
2203,17286,-6114
2037,21335,-8029
1720,26661,-10171
1294,32427,-12667
-1723,32767,-13593
-2314,32696,-14489
-4662,32751,-16185
-5615,32767,-16181
-5919,32766,-15253
-6315,32766,-14057
-6790,32767,-12611
-7508,32767,-11632
-7843,32767,-10984
-6846,32767,-10479
-5209,32767,-9986
-3522,32766,-9309
-1847,31458,-8702
-216,27812,-8167
1272,24734,-7748
2437,22493,-7417
3633,20811,-6922
4424,19418,-6278
4637,18129,-5614
4177,16945,-5034
2936,15921,-4520
1473,14736,-4160
653,13114,-3507
573,11201,-2562
930,9271,-1849
1819,8016,-1139
2758,7434,-209
2602,7160,719
1299,6577,1124
199,5512,1464
-482,4388,2072
-1029,3191,2566
-1932,2241,3004
-2119,1359,3565
-1445,277,4149
-926,-900,4674
-638,-1967,5269
-527,-3164,5421
-508,-4158,5446
-399,-4941,5470
119,-5717,5592
938,-6356,5900
1607,-6739,6151
2034,-6892,6257
2319,-6626,6160
2417,-6021,6120
1978,-4994,6072
859,-3642,5527
-473,-1997,4764
-2037,-439,3856
-3490,1110,2695
-4155,2484,1581
-3427,3622,678
-1757,5032,225
-674,6647,-199
-582,8317,-820
-1362,10289,-2304
-2187,13220,-4325
-1990,16847,-6372
-818,21028,-8321
309,25654,-10220
1038,29835,-11786
1499,32565,-13981
1760,32767,-12823
2843,32764,-13789
1060,32762,-15376
-826,32767,-16058
-2771,32767,-15949
-5096,32767,-14939
-7080,32767,-13763
-8087,32767,-12799
-8350,32767,-12091
-7851,32767,-11600
-6186,32767,-10992
-4275,32767,-10356
-2790,32497,-9844
-1639,30147,-9435
-507,27015,-9287
776,24474,-8930
1743,22331,-8593
2773,20349,-7919
3146,18995,-7120
2469,18052,-6914
1195,17080,-6765
-366,15536,-6347
-1625,12976,-5722
-2218,9775,-4587
-2136,6295,-2892
-1389,3121,-1050
-700,298,666
-36,-1880,2337
792,-3581,3767
1487,-4738,4864
1548,-5056,5671
1110,-4982,6243
167,-4614,6549
-1093,-4123,6553
-1940,-4148,6854
-2700,-4651,6972
-2872,-5166,6775
-2635,-5259,6726
-2120,-5363,6494
-1118,-5259,6195
-222,-5051,6135
322,-4732,6257
250,-4277,6552
-85,-3703,6659
-700,-2927,6347
-1557,-1903,5561
-2193,-636,4609
-2454,709,3461
-1997,1935,2080
-648,3487,723
445,5434,106
748,7473,-757
423,9915,-2090
-112,12457,-3886
133,14792,-5018
1265,16044,-5723
2212,17572,-6008
2432,19781,-6475
2066,22795,-7273
1443,25915,-8574
1605,29413,-10552
1156,31790,-10615
2720,32767,-11271
1211,32767,-12378
-1171,32743,-12451
-3476,32767,-12048
-5518,32767,-11681
-7029,32766,-11251
-8364,32767,-10870
-8871,32767,-10331
-8401,32767,-9700
-7126,32767,-9037
-5535,32767,-8423
-4165,32767,-8000
-3045,31670,-7718
-1756,28771,-7472
-494,26518,-7349
314,24633,-7028
733,22952,-6668
870,21283,-6215
995,19386,-5701
1191,17227,-4800
1187,15119,-3941
823,13306,-3154
48,11743,-2178
-944,10267,-1239
-1623,8725,-368
-2090,6865,2
-2137,4960,395
-1505,3191,872
-274,1557,1072
1634,423,921
3159,-8,1506
3242,-766,2298
2639,-1604,3072
1938,-2164,3620
1188,-2596,3984
151,-3018,4078
-666,-3503,4067
-1400,-3885,4468
-1702,-4345,4757
-967,-4795,4994
210,-5100,5250
1290,-4956,5478
1720,-4588,5917
1366,-3610,5714
600,-1852,5767
-529,-671,5551
-1756,412,5013
-2614,1033,4554
-2431,990,4407
-1124,1187,4244
416,2152,3746
1113,3543,3232
756,5079,2627
75,7325,1584
-554,10589,320
-704,14314,-574
-709,16415,-936
-387,17092,-1131
72,18235,-2035
629,20972,-3958
682,25722,-6229
769,31007,-9345
-342,32767,-11146
-195,32767,-11740
-2535,32726,-13344
-5916,32767,-13690
-8100,32767,-13076
-8436,32766,-11889
-7117,32767,-10278
-5907,32767,-9079
-5416,32767,-8472
-4840,32767,-8136
-3848,32767,-7643
-2940,32767,-7300
-2284,32473,-6987
-1350,31134,-6986
55,29980,-7164
1553,28779,-7196
2543,26820,-6991
2906,24077,-6335
2773,20999,-5648
2680,18201,-4652
2344,16178,-3519
1407,14509,-2933
641,12901,-2474
281,11331,-2063
32,9837,-1652
308,8665,-1301
728,7890,-891
885,6942,-502
954,5812,-27
867,4504,372
631,3054,811
356,1608,1351
78,354,2049
-179,-763,2939
-470,-1691,3826
-855,-2568,4465
-1078,-3466,4892
-798,-4363,5103
-118,-5100,5336
502,-5879,5540
988,-6426,5806
1119,-6623,6221
687,-6800,6711
11,-6685,7226
-835,-6495,7291
-1242,-6007,7106
-655,-5414,6699
-143,-4177,6048
-453,-2849,6087
-1363,-2148,6198
-2433,-1052,6189
-2993,-205,5267
-1848,1430,3571
-733,4101,2455
-235,6554,813
1072,9689,-580
1460,12834,-1843
514,15432,-3936
62,18661,-5538
118,22350,-7826
1236,26625,-10472
2132,31862,-13053
1184,32767,-16016
-762,32726,-16520
-2221,32737,-17454
-4588,32767,-17211
-5988,32767,-16316
-6623,32766,-14669
-7226,32767,-12586
-7538,32767,-10480
-7183,32767,-8776
-5851,32767,-7413
-4245,32767,-6277
-2834,32341,-5491
-1567,29566,-5006
-392,26794,-4597
699,24686,-4587
2032,22692,-4557
3130,21069,-4454
3819,19129,-4354
4373,16829,-3785
4392,14849,-3233
3890,13343,-2873
3645,11738,-2545
3393,10451,-2166
3243,9441,-1885
4171,9162,-1735
4900,9858,-1463
3549,9866,-1048
1392,8751,-367
147,7487,543
-771,6064,1380
-896,4711,2316
-536,3677,3075
-576,2966,3544
-582,2260,3782
-558,1373,3928
-834,636,4383
-1272,-259,4897
-1674,-1123,5315
-2328,-2024,5570
-2528,-3124,5668
-1674,-4316,5996
-425,-5083,6486
-374,-5367,6682
-997,-5325,6787
-1604,-5180,6730
-2699,-4209,6340
-3654,-2573,5808
-4313,-998,5555
-4543,-339,5118
-3554,33,4507
-2561,1332,3763
-1744,3122,3106
-1552,4812,2370
-2836,6941,1041
-5098,10040,-1320
-5972,14254,-4720
-5175,18764,-8184
-3343,22683,-10953
-256,26697,-13659
3342,31460,-15499
4852,32767,-16640
3673,32760,-17375
1990,32730,-17582
-266,32767,-15192
-1467,32767,-12779
-3950,32766,-11846
-5200,32767,-10262
-5723,32767,-8572
-5988,32767,-7328
-5944,32767,-6856
-5697,32767,-6791
-5166,32767,-6801
-4483,32767,-6874
-2996,31895,-6368
-1768,29023,-5528
-1345,26418,-5091
-1225,24866,-5122
-1043,23654,-5481
-705,22145,-5853
-275,19649,-5504
462,16392,-4392
1300,13188,-3256
1856,11176,-1999
1709,10098,-528
707,9267,728
-703,8377,1460
-1772,7161,1842
-2377,5722,1998
-2280,4022,2197
-1707,2499,2523
-900,1118,2844
307,-220,2503
1966,-795,2050
2926,-1228,2272
2971,-2321,2582
2580,-3753,3070
1934,-5246,3559
1956,-6941,4214
2610,-8226,5024
3514,-9157,5478
4101,-9479,5872
4094,-9507,6033
3443,-9178,5862
2331,-8048,5514
1339,-6562,5191
433,-4842,4507
-148,-2776,3961
-911,-864,3606
-2027,760,3082
-2768,2197,2453
-2501,3803,1798
-2459,5960,917
-2797,8897,-684
-3046,12939,-2356
-2993,17524,-4220
-3756,21797,-6032
-5001,26642,-8110
-6378,31729,-10124
-5898,32767,-13089
-6530,32740,-13647
-4359,32735,-14321
-4562,32767,-15960
-5595,32767,-16018
-6243,32766,-14964
-7085,32767,-13732
-7369,32767,-12256
-6876,32767,-10868
-6424,32767,-9857
-5817,32767,-8819
-4558,32515,-7987
-3552,30366,-7254
-2824,27942,-6841
-1854,26474,-6793
-924,25207,-6937
-343,24035,-7070
109,23240,-7082
558,22427,-7029
1156,21035,-6660
1614,19122,-6013
1874,17132,-5381
2012,15872,-4726
1561,14974,-4323
825,14085,-3864
275,13352,-3108
55,12381,-2269
171,11106,-1006
272,9917,-74
590,8732,619
871,7625,1146
1559,6758,964
2784,6498,761
3517,6532,1010
2628,6013,1643
993,5030,2225
191,4220,2812
-51,3480,3433
-277,2604,4088
-633,1559,4773
-1163,-23,5168
-1199,-1591,5326
-625,-2576,5702
-130,-3076,5724
654,-3189,5665
1250,-3032,5667
1136,-2432,5562
299,-2062,5411
-399,-1801,5397
-919,-1774,5393
-697,-2192,5839
-53,-2363,6824
-144,-1650,6330
-995,598,4489
-2360,3498,2917
-4281,5815,1101
-4447,7871,-311
-3503,9869,-1978
-1442,12406,-4129
1087,16582,-6544
2284,21344,-8512
1730,24565,-10307
1374,27756,-11184
1204,31277,-11673
803,32767,-11849
285,32767,-11850
-511,32733,-11587
-1538,32767,-11499
-2002,32767,-9896
-2991,32766,-9945
-4698,32767,-9901
-5346,32767,-9553
-4995,32767,-8841
-3989,32767,-7717
-3096,32767,-6686
-2492,32689,-5866
-1743,31065,-5122
-989,28443,-4525
-552,26645,-4051
-562,25122,-3796
-483,23405,-3610
-563,21572,-3634
-494,19514,-3769
-45,16922,-3507
432,14363,-3211
1249,12343,-2615
2334,10710,-2108
3078,9354,-1555
3410,7839,-925
3755,6478,-404
3674,5454,135
3199,4379,524
2604,3483,798
2474,2553,1092
2411,1642,1566
2590,763,2042
3028,-153,2612
3176,-1006,3374
2991,-2163,3713
2400,-3308,3925
2270,-4182,4422
2749,-4682,5051
3032,-5003,5507
3234,-5354,5602
3309,-5010,5396
3547,-3834,4787
3427,-2399,4150
3211,-1076,3435
2897,-2,2820
2344,658,2084
2435,1358,1545
3205,2506,1289
3370,4317,998
2728,6222,710
1762,7890,-46
1089,9571,-1561
1409,12060,-2762
663,13831,-3024
82,16290,-3234
-1217,18981,-3161
-3213,21592,-3639
-4364,23791,-5018
-3885,26103,-6209
-2421,29346,-7625
-1740,31797,-7288
-546,32767,-8156
-1604,32767,-9638
-2842,32742,-10550
-3721,32767,-10677
-4412,32767,-10275
-4653,32766,-9419
-4702,32767,-8575
-4672,32767,-7999
-4038,32767,-7592
-2945,32767,-7248
-1545,31765,-6713
-235,28503,-5995
857,25310,-5545
2038,22983,-5388
3150,21391,-5321
3813,20175,-5216
4020,19448,-5030
3928,18912,-5051
4150,18402,-4941
4398,17757,-4450
3906,16397,-3947
3144,14651,-3485
3293,13044,-2932
3838,11893,-2320
4117,10920,-1855
4292,10674,-1580
3979,11288,-1288
3497,11649,-840
3103,11465,-320
2605,10725,98
1939,9816,639
1020,9012,1317
148,8019,1836
-334,6757,2236
-815,5348,2649
-1177,3783,2991
-1149,2429,3482
-1244,752,3784
-1569,-1170,4145
-1571,-2954,4572
-789,-4483,5500
-72,-5781,6114
492,-6939,6626
867,-8096,6736
1441,-8888,6304
2669,-9179,5545
3837,-9203,4600
4288,-8766,4061
4100,-8371,3653
3802,-7600,3214
3295,-5953,2464
2526,-2905,919
1286,1888,-695
-1218,6906,-2488
-3337,11885,-4481
-4599,17593,-7163
-5669,23270,-9341
-5735,28225,-10874
-4266,31071,-11189
-1898,32414,-11186
-1681,32706,-10779
-1085,32767,-11286
-2573,32765,-12988
-3675,32765,-14382
-4504,32767,-14860
-5926,32767,-14403
-6970,32767,-13689
-6970,32767,-13032
-6086,32767,-12130
-4363,32767,-11494
-2722,32767,-10649
-1427,32767,-10040
87,32767,-9730
1201,32767,-9450
1275,32177,-9280
307,30093,-9234
-779,27670,-9060
-926,24879,-8820
141,21579,-8552
1567,18200,-7625
3120,15387,-6331
4289,13334,-5525
4409,11911,-4783
3517,11104,-4088
1870,9869,-3817
732,7642,-3580
663,4791,-3099
944,1792,-2447
1193,-926,-1503
1469,-3214,-141
1865,-5039,825
2371,-6797,1890
2935,-8265,2627
3666,-9442,3290
3865,-10096,4025
3564,-10314,4898
2767,-10161,5702
1312,-9477,5981
-189,-8573,5588
-768,-8084,5597
-415,-8173,5988
468,-8321,6357
1549,-8169,6570
2399,-7434,6482
2822,-6215,6361
2234,-4725,5781
856,-2791,4853
-464,-346,3449
-1110,2383,2315
-1113,4704,1588
-461,6051,917
522,6840,306
687,7327,-379
599,7735,-1041
284,8536,-1652
106,10004,-2366
-277,12612,-2868
-1095,15692,-4352
-411,18704,-6137
769,21499,-7438
1453,24825,-8940
2349,30036,-10658
-554,32549,-9894
244,32767,-9410
-597,32756,-11262
-1496,32760,-12057
-2026,32767,-12328
-2804,32767,-12730
-3963,32767,-12783
-5324,32767,-12113
-6318,32767,-10730
-7283,32767,-9708
-7599,32767,-8866
-6913,32767,-8398
-5035,32767,-7999
-3405,32767,-7573
-2448,32767,-7093
-1691,31919,-6708
-1086,29286,-6822
-666,27297,-6978
-594,25303,-7196
-370,22550,-7443
79,19543,-7008
656,16032,-6645
1584,12344,-6231
2518,9099,-5678
2899,6596,-4987
3229,4700,-4249
3796,3011,-3349
4347,1318,-2253
4506,-465,-1099
4433,-2143,273
4003,-3526,1242
3790,-4556,2040
3703,-5179,2889
3669,-5864,3656
3237,-6681,4342
2893,-6988,4817
3156,-6769,4813
3431,-6344,4928
3189,-5909,5236
2769,-5801,5639
2498,-6148,6026
1855,-6192,6232
1061,-5573,6267
444,-4470,6194
142,-2802,5904
-187,-961,5309
-554,453,4833
-842,1698,4366
-1036,3045,3624
-1090,4411,2813
-702,5373,2261
-266,6142,1900
-389,7354,1216
-1344,9312,56
-2163,11578,-1333
-2720,13950,-2595
-3111,16244,-4380
-2441,18494,-5512
-1307,20925,-6501
-141,24650,-7871
-16,28790,-8532
-326,32171,-9075
-909,32767,-9830
-594,32750,-10540
-1638,32749,-10386
-1982,32767,-9620
-3356,32767,-10252
-4394,32767,-10347
-3886,32767,-9517
-2995,32767,-8218
-2579,32767,-6937
-2821,32767,-6281
-2868,32767,-6134
-2666,32767,-6305
-2487,32767,-6548
-2445,32767,-6391
-2898,32767,-6237
-3158,32698,-6250
-2409,30750,-6052
-1366,26991,-5673
-1087,23292,-5005
-1810,19050,-4415
-2529,14976,-3771
-2501,11634,-3146
-1944,8941,-2375
-1237,7056,-1724
-659,5585,-1352
-49,3993,-990
854,2233,-575
1647,452,-208
2055,-1346,446
2470,-2953,1267
2795,-4254,2024
2867,-5107,2624
2625,-5629,3340
2034,-5989,4176
1228,-6483,4691
489,-7134,5190
-84,-7532,5487
-273,-7916,5759
-291,-7862,6120
-186,-7610,6430
-137,-6877,6571
100,-5805,6359
962,-4662,5984
1872,-3447,5724
1815,-2130,5048
1032,-538,4233
340,1212,3204
-155,2952,2069
-88,4636,1082
497,6435,621
602,8022,18
729,9676,-692
997,11325,-1273
1649,12436,-2338
2684,14182,-3021
2993,16831,-3777
1836,20026,-4600
-556,23079,-5267
-1922,26528,-6690
-1989,30263,-8195
-1330,32767,-8971
-1036,32767,-9643
-723,32722,-10467
-1618,32766,-8736
-2180,32767,-8673
-4021,32766,-9083
-5311,32767,-8907
-6333,32767,-8470
-6629,32767,-7692
-6250,32767,-6588
-5772,32767,-5732
-4900,32767,-5357
-3766,32454,-5192
-2402,30259,-5101
-1152,27900,-4914
-494,26264,-4827
-198,24897,-4665
-11,23536,-4752
242,22299,-4684
470,20770,-4452
632,19090,-3884
534,17516,-3014
147,15800,-2393
-122,14179,-1952
168,12897,-1250
331,11896,-670
219,10778,-334
413,9320,189
956,7612,282
1975,6198,522
2532,5434,1005
2444,5415,1294
2055,5234,1667
1808,4368,2176
1626,2972,2874
1437,1673,3470
1492,332,4075
1406,-658,4594
1083,-1348,4946
702,-2138,4937
464,-2767,4912
851,-3511,4613
2048,-4113,4428
3421,-4082,4415
4145,-3937,4514
4554,-3768,4809
4517,-3278,4737
3767,-2549,4430
2306,-1569,3826
701,-640,3076
0,-17,2459
665,261,1827
1869,938,1612
2405,2161,1085
2094,3982,184
1319,6913,-1209
-160,10257,-2665
-1925,13211,-4121
-3126,16474,-5188
-3250,20834,-6146
-3159,26260,-6977
-3732,30941,-7555
-4357,32767,-8088
-5143,32767,-8692
-5154,32724,-9492
-5589,32767,-9647
-4745,32767,-8998
-5798,32766,-10039
-7193,32767,-10467
-7641,32767,-9985
-6856,32767,-9237
-5606,32767,-8676
-4547,32767,-8197
-3524,32767,-7748
-2327,32767,-7361
-869,31797,-6692
560,28097,-6047
1607,24877,-5478
2014,22604,-5248
1593,20619,-5148
825,18585,-5052
207,16350,-4853
-315,13856,-4398
-881,11169,-3480
-869,8920,-2297
-217,6649,-1311
332,4321,-399
690,2048,146
1015,130,780
1647,-1251,1523
2102,-2343,2192
2847,-3113,2360
3570,-3224,2661
3626,-3105,3181
2717,-3259,3897
1182,-3492,4594
-45,-3777,5108
-1075,-4053,5849
-1525,-4556,6351
-1360,-5300,6721
-960,-5566,7595
-786,-5686,8165
-543,-5905,8275
179,-5762,8004
889,-5146,7349
1347,-4158,6290
1511,-3002,5411
1421,-1690,4609
1189,-392,3764
1025,1048,2862
553,3106,1661
-52,5747,40
-246,8891,-1738
-24,12075,-3819
-63,14783,-5310
-8,17168,-6289
655,19798,-7329
721,23064,-7695
-476,27098,-8389
-1449,31590,-9041
-1696,32767,-9455
-1459,32763,-10116
-1230,32734,-10662
-3148,32767,-9982
-4201,32767,-9023
-6151,32766,-8588
-7537,32767,-7734
-7667,32767,-6823
-6368,32767,-5846
-4445,32767,-5391
-3223,32767,-5221
-2586,32767,-5184
-2418,32767,-5484
-2385,32767,-5599
-1925,32656,-5577
-834,30531,-5435
110,26913,-4993
87,23649,-4467
-587,20134,-3848
-1104,16064,-3299
-867,12326,-2664
-51,9000,-2057
1025,6252,-1002
1595,4053,-94
1754,2185,561
1493,658,857
779,-348,966
271,-1283,902
604,-1977,441
2022,-1969,32
2985,-2202,495
2825,-3297,1192
2269,-4629,2161
1846,-6124,3308
1608,-7263,4366
1265,-7635,5386
784,-7879,6196
503,-8001,7256
103,-7909,7977
-203,-7497,8669
-639,-6793,9023
-959,-5708,8928
-1137,-4604,8572
-1137,-3970,8144
-804,-3261,7665
-152,-2091,6838
392,-509,5945
447,1584,4920
-199,4032,3729
-1259,6502,2437
-2383,9046,549
-2575,11740,-1696
-1222,14265,-3814
798,17215,-5812
2160,20395,-7257
1903,23601,-8289
175,26819,-9032
-468,30451,-10152
-355,32767,-10948
19,32767,-11452
-781,32719,-12401
-1512,32767,-11662
-1820,32767,-12495
-4178,32766,-13239
-5708,32767,-12855
-6714,32767,-11733
-6279,32767,-10362
-4419,32767,-9023
-2473,32767,-7776
-1128,32753,-7105
-138,31467,-6639
517,28790,-6273
716,26778,-6205
531,25040,-6138
63,23181,-6106
-421,20885,-5785
-183,17998,-5062
537,14971,-3895
1064,11810,-2681
1477,8855,-1318
1636,6624,-196
1496,5284,790
1154,4687,1351
471,4539,1724
-704,4295,1689
-1136,3683,1848
-650,2752,2017
755,1905,1898
2421,1462,1911
3631,933,2075
3270,-232,2802
2087,-1187,4020
860,-1998,4967
-103,-2906,5396
-404,-3501,5572
-383,-4103,6207
-400,-4726,6867
-371,-5244,7795
9,-5658,8525
561,-5754,8724
769,-4930,8105
742,-3504,7361
471,-1869,6540
-65,-147,5830
-955,1193,5424
-1679,2231,5137
-1864,3428,4367
-502,5301,3377
968,7847,2510
1140,10787,1541
383,13998,310
-955,17794,-932
-2620,21811,-2757
-3627,25828,-4401
-3391,28199,-5540
-1086,29635,-6121
1650,30256,-6402
2960,31339,-6339
2455,32767,-6719
1237,32767,-7200
-369,32743,-7711
-2020,32765,-8480
-2635,32767,-9169
-3139,32767,-9049
-3710,32767,-8385
-4615,32767,-7649
-5406,32767,-7060
-4608,32767,-6181
-3107,32767,-5098
-2275,31535,-3984
-2028,28276,-3152
-1939,25145,-2743
-1699,22092,-2469
-1170,19169,-2105
-433,16661,-1537
646,14529,-922
1749,13054,-294
2290,11974,212
2220,11474,541
1332,11194,530
128,10867,250
-116,10200,-52
389,9085,268
853,7436,633
1801,6390,975
2141,5725,1743
1738,4848,2316
1233,3817,3120
558,2715,3814
-68,1838,4253
-356,1194,4750
-643,662,5149
-989,-125,5432
-890,-1037,5989
-830,-1794,6630
-863,-2475,7146
-918,-2662,7770
-1093,-2329,7828
-959,-1903,7215
-259,-1478,6731
351,-1114,6797
96,-811,6908
-482,-652,6651
-257,-316,5875
538,650,4860
1255,1705,4059
1388,2559,3518
1351,3971,2738
1084,6409,1419
584,9785,84
45,13055,-1326
-208,15770,-2794
-173,18394,-3755
-508,20672,-4539
-582,23032,-5053
-16,26546,-5999
106,30223,-7358
109,32767,-8198
-231,32767,-8730
-838,32720,-9172
-1535,32766,-9159
-2426,32767,-9041
-3226,32766,-8289
-3885,32767,-7057
-4249,32767,-5896
-4201,32767,-4690
-3785,32767,-3550
-3429,32767,-2764
-3159,32663,-2327
-2802,31081,-2225
-2394,29083,-2306
-2235,27571,-2511
-2262,25545,-2702
-2266,22566,-2626
-2134,18939,-2298
-1724,15146,-1619
-922,11607,-615
420,8679,400
1734,6260,1171
2254,4384,1803
1980,3037,2272
1394,1815,2652
931,913,2828
860,108,2982
1098,-670,3227
1323,-1385,3716
1497,-2400,3771
1820,-3391,3696
2038,-3906,3891
2015,-4570,4286
1451,-5325,5132
735,-5651,5905
-140,-5434,6328
-855,-4747,6572
-1483,-3656,6565
-1885,-2346,6361
-1557,-1331,5896
-620,-408,5260
437,608,4786
976,1721,4293
1017,2888,3824
575,4199,3404
181,5630,2940
-457,7389,2109
-1055,9418,1264
-1068,11528,202
-585,13859,-832
77,16193,-1843
816,18555,-3044
1142,20347,-3534
1679,23128,-4340
2041,26382,-5412
1618,29482,-6237
828,32239,-6877
-125,32767,-7470
-971,32752,-7699
-1189,32751,-7734
-1159,32767,-7709
-1286,32767,-6485
-1469,32767,-6922
-2582,32767,-7367
-3887,32767,-7340
-4586,32767,-6875
-4678,32767,-5868
-3615,32767,-4835
-1824,31888,-3929
-554,29022,-3143
-106,26610,-2934
-141,25065,-2843
-632,23639,-2925
-1063,22124,-2771
-1171,20270,-2428
-750,18175,-1923
289,16397,-1413
1202,15051,-965
1600,13707,-442
1653,12377,-42
1305,10973,178
816,9502,601
133,8136,984
-586,6736,1424
-686,4953,1920
-432,3008,2320
165,1473,2925
884,196,3369
1516,-570,3515
2123,-817,3597
2798,-786,3513
2811,-512,3881
2155,3,4357
1257,718,5058
362,1593,5614
104,2492,5968
527,3274,6057
1423,3990,6038
2568,4929,5724
3086,6381,5529
2933,8139,5476
2227,9759,5346
1666,11016,4933
1060,12667,4510
868,14632,3569
1193,16962,2783
1570,19197,2580
1583,20496,2443
1727,21245,2633
1937,21823,2875
1938,21739,2953
1866,21464,2990
1751,21017,2887
1937,20835,2762
1988,20922,2703
1902,20932,2482
1992,20470,2373
2322,19753,2183
2813,19308,1952
2828,18897,2072
2260,18522,2267
1414,18276,2294
1004,18010,2210
926,17595,2094
946,17178,2044
1060,16738,2248
1464,16225,2437
1985,15704,2764
2114,15168,3077
1648,14742,3262
1112,14453,3447
938,14564,3532
1017,14829,3323
1093,15057,3002
1286,15273,2949
1661,15145,2962
1993,15060,2774
2112,15251,2661
2255,15187,2487
2405,15108,2830
1926,14947,3241
1427,15004,3518
1298,15403,3484
1215,15954,3164
1143,16326,2995
896,16305,3039
632,16068,3202
434,15802,3356
507,15632,3209
563,15708,3292
472,15637,3181
687,15622,3306
562,15414,3217
461,15320,3143
597,15122,3163
522,14748,3171
175,14370,3197
-34,13874,3289
-92,13425,3409
-289,13180,3296
-232,13123,3039
171,13278,2446
770,13608,2060
707,13450,1940
112,13085,1852
-325,12956,1702
-485,13069,1267
-289,13073,965
282,12678,960
790,12139,1322
1092,11771,1636
1292,11712,1669
1214,12211,1296
1170,13464,724
737,14564,202
347,15451,2
61,16366,-262
204,17441,-406
361,17964,-70
817,17865,674
1355,17355,1500
1232,17266,2097
